Ensembl ID,Gene Symbol
ENSG00000124762,CDKN1A
ENSG00000048392,RRM2B
ENSG00000135679,MDM2
ENSG00000100647,SUSD6
ENSG00000130513,GDF15
ENSG00000159388,BTG2
ENSG00000134574,DDB2
ENSG00000116717,GADD45A
ENSG00000173846,PLK3
ENSG00000078237,TIGAR
ENSG00000185088,RPS27L
ENSG00000120889,TNFRSF10B
ENSG00000170855,TRIAP1
ENSG00000172667,ZMAT3
ENSG00000087088,BAX
ENSG00000119630,PGF
ENSG00000170734,POLH
ENSG00000170836,PPM1D
ENSG00000196562,SULF2
ENSG00000154767,XPC
ENSG00000181026,AEN
ENSG00000196072,BLOC1S2
ENSG00000026103,FAS
ENSG00000138271,GPR87
ENSG00000131669,NINJ1
ENSG00000145632,PLK2
ENSG00000152229,PSTPIP2
ENSG00000080546,SESN1
ENSG00000115129,TP53I3
ENSG00000164938,TP53INP1
ENSG00000144452,ABCA12
ENSG00000164331,ANKRA2
ENSG00000113328,CCNG1
ENSG00000055163,CYFIP2
ENSG00000136048,DRAM1
ENSG00000167196,FBXO22
ENSG00000136003,ISCU
ENSG00000174307,PHLDA3
ENSG00000206075,SERPINB5
ENSG00000197019,SERTAD1
ENSG00000076604,TRAF4
ENSG00000132274,TRIM22
ENSG00000172831,CES2
ENSG00000164237,CMBL
ENSG00000109670,FBXW7
ENSG00000164070,HSPA4L
ENSG00000049130,KITLG
ENSG00000124067,SLC12A4
ENSG00000162772,ATF3
ENSG00000105327,BBC3
ENSG00000137500,CCDC90B
ENSG00000143479,DYRK3
ENSG00000131080,EDA2R
ENSG00000142627,EPHA2
ENSG00000148541,FAM13C
ENSG00000164125,FAM198B
ENSG00000197852,FAM212B
ENSG00000161513,FDXR
ENSG00000128342,LIF
ENSG00000172890,NADSYN1
ENSG00000135778,NTPCR
ENSG00000175938,ORAI3
ENSG00000111725,PRKAB1
ENSG00000112245,PTP4A1
ENSG00000130766,SESN2
ENSG00000170385,SLC30A1
ENSG00000163071,SPATA18
ENSG00000163235,TGFA
ENSG00000164342,TLR3
ENSG00000064115,TM7SF3
ENSG00000167904,TMEM68
ENSG00000162643,WDR63
ENSG00000171469,ZNF561
ENSG00000196152,ZNF79
ENSG00000112249,ASCC3
ENSG00000177076,ACER2
ENSG00000196975,ANXA4
ENSG00000244509,APOBEC3C
ENSG00000148219,ASTN2
ENSG00000085117,CD82
ENSG00000089486,CDIP1
ENSG00000109472,CPE
ENSG00000184371,CSF1
ENSG00000151065,DCP1B
ENSG00000171617,ENC1
ENSG00000175592,FOSL1
ENSG00000179163,FUCA1
ENSG00000162783,IER5
ENSG00000159339,PADI4
ENSG00000152782,PANK1
ENSG00000130517,PGPEP1
ENSG00000154822,PLCL2
ENSG00000141682,PMAIP1
ENSG00000057657,PRDM1
ENSG00000181467,RAP2B
ENSG00000166592,RRAD
ENSG00000165804,ZNF219
ENSG00000130684,ZNF337
ENSG00000107796,ACTA2
ENSG00000127129,EDN2
ENSG00000012779,ALOX5
ENSG00000163947,ARHGEF3
ENSG00000139624,CERS5
ENSG00000204580,DDR1
ENSG00000162496,DHRS3
ENSG00000276023,DUSP14
ENSG00000165891,E2F7
ENSG00000177106,EPS8L2
ENSG00000124098,FAM210B
ENSG00000135423,GLS2
ENSG00000233276,GPX1
ENSG00000158055,GRHL3
ENSG00000054392,HHAT
ENSG00000103742,IGDCC4
ENSG00000166130,IKBIP
ENSG00000162511,LAPTM5
ENSG00000069020,MAST4
ENSG00000100139,MICALL1
ENSG00000148400,NOTCH1
ENSG00000100949,RABGGTA
ENSG00000116514,RNF19B
ENSG00000168061,SAC3D1
ENSG00000142765,SYTL1
ENSG00000104689,TNFRSF10A
ENSG00000173530,TNFRSF10D
ENSG00000110900,TSPAN11
ENSG00000167992,VWCE
ENSG00000168209,DDIT4
ENSG00000108384,RAD51C
ENSG00000106366,SERPINE1
ENSG00000145779,TNFAIP8
ENSG00000182704,TSKU
ENSG00000132646,PCNA
ENSG00000170634,ACYP2
ENSG00000120868,APAF1
ENSG00000100298,APOBEC3H
ENSG00000171552,BCL2L1
ENSG00000113916,BCL6
ENSG00000166619,BLCAP
ENSG00000187013,C17orf82
ENSG00000114270,COL7A1
ENSG00000113742,CPEB4
ENSG00000169118,CSNK1G1
ENSG00000065357,DGKA
ENSG00000197872,FAM49A
ENSG00000168672,FAM84B
ENSG00000127955,GNAI1
ENSG00000151689,INPP1
ENSG00000005884,ITGA3
ENSG00000171346,KRT15
ENSG00000186226,LCE1E
ENSG00000182541,LIMK2
ENSG00000123384,LRP1
ENSG00000171444,MCC
ENSG00000176046,NUPR1
ENSG00000178184,PARD6G
ENSG00000054148,PHPT1
ENSG00000177595,PIDD1
ENSG00000140464,PML
ENSG00000132334,PTPRE
ENSG00000143217,PVRL4
ENSG00000042445,RETSAT
ENSG00000009413,REV3L
ENSG00000165799,RNASE7
ENSG00000175793,SFN
ENSG00000173535,TNFRSF10C
ENSG00000179046,TRIML2
ENSG00000038427,VCAN
ENSG00000163050,ADCK3
ENSG00000147853,AK3
ENSG00000184254,ALDH1A3
ENSG00000125124,BBS2
ENSG00000133639,BTG1
ENSG00000170835,CEL
ENSG00000137975,CLCA2
ENSG00000163347,CLDN1
ENSG00000172409,CLP1
ENSG00000005469,CROT
ENSG00000186529,CYP4F3
ENSG00000196730,DAPK1
ENSG00000049283,EPN3
ENSG00000156804,FBXO32
ENSG00000115641,FHL2
ENSG00000069812,HES2
ENSG00000104783,KCNN4
ENSG00000179023,KLHDC7A
ENSG00000160789,LMNA
ENSG00000089693,MLF2
ENSG00000153029,MR1
ENSG00000196586,MYO6
ENSG00000277586,NEFL
ENSG00000101198,NKAIN4
ENSG00000186472,PCLO
ENSG00000105650,PDE4C
ENSG00000197121,PGAP1
ENSG00000240891,PLCXD2
ENSG00000166289,PLEKHF1
ENSG00000100979,PLTP
ENSG00000164050,PLXNB1
ENSG00000196576,PLXNB2
ENSG00000131791,PRKAB2
ENSG00000183943,PRKX
ENSG00000100033,PRODH
ENSG00000060656,PTPRU
ENSG00000182175,RGMA
ENSG00000143333,RGS16
ENSG00000115963,RND3
ENSG00000137393,RNF144B
ENSG00000196754,S100A2
ENSG00000136531,SCN2A
ENSG00000177098,SCN4B
ENSG00000180900,SCRIB
ENSG00000012171,SEMA3B
ENSG00000162241,SLC25A45
ENSG00000137968,SLC44A5
ENSG00000088836,SLC4A11
ENSG00000090020,SLC9A1
ENSG00000168610,STAT3
ENSG00000164543,STK17A
ENSG00000135823,STX6
ENSG00000078900,TP73
ENSG00000119401,TRIM32
ENSG00000112343,TRIM38
ENSG00000132256,TRIM5
ENSG00000176912,TYMSOS
ENSG00000127914,AKAP9
ENSG00000164051,CCDC51
ENSG00000150394,CDH8
ENSG00000144048,DUSP11
ENSG00000135968,GCC2
ENSG00000123600,METTL8
ENSG00000119938,PPP1R3C
ENSG00000115107,STEAP3
ENSG00000100439,ABHD4
ENSG00000166016,ABTB2
ENSG00000205336,ADGRG1
ENSG00000042286,AIFM2
ENSG00000166025,AMOTL1
ENSG00000196704,AMZ2
ENSG00000198576,ARC
ENSG00000099889,ARVCF
ENSG00000134107,BHLHE40
ENSG00000101144,BMP7
ENSG00000166275,BORCS7
ENSG00000148925,BTBD10
ENSG00000154640,BTG3
ENSG00000224877,C17orf89
ENSG00000162909,CAPN2
ENSG00000138794,CASP6
ENSG00000099338,CATSPERG
ENSG00000105974,CAV1
ENSG00000090061,CCNK
ENSG00000003402,CFLAR
ENSG00000196337,CGB7
ENSG00000169105,CHST14
ENSG00000082438,COBLL1
ENSG00000137449,CPEB2
ENSG00000160917,CPSF4
ENSG00000135924,DNAJB2
ENSG00000107099,DOCK8
ENSG00000138166,DUSP5
ENSG00000164086,DUSP7
ENSG00000105246,EBI3
ENSG00000090776,EFNB1
ENSG00000149547,EI24
ENSG00000125746,EML2
ENSG00000136960,ENPP2
ENSG00000010030,ETV7
ENSG00000188916,FAM196A
ENSG00000130244,FAM98C
ENSG00000157107,FCHO2
ENSG00000137478,FCHSD2
ENSG00000185070,FLRT2
ENSG00000114480,GBE1
ENSG00000063660,GPC1
ENSG00000114315,HES1
ENSG00000276536,HRAS
ENSG00000130948,HSD17B3
ENSG00000160223,ICOSLG
ENSG00000163453,IGFBP7
ENSG00000125538,IL1B
ENSG00000105655,ISYNA1
ENSG00000101384,JAG1
ENSG00000170421,KRT8
ENSG00000141068,KSR1
ENSG00000179630,LACC1
ENSG00000110031,LPXN
ENSG00000163956,LRPAP1
ENSG00000198948,MFAP3L
ENSG00000099875,MKNK2
ENSG00000061987,MON2
ENSG00000149792,MRPL49
ENSG00000221986,MYBPHL
ENSG00000065534,MYLK
ENSG00000138119,MYOF
ENSG00000100906,NFKBIA
ENSG00000177551,NHLH2
ENSG00000091592,NLRP1
ENSG00000205978,NYNRIN
ENSG00000090530,P3H2
ENSG00000125779,PANK2
ENSG00000182749,PAQR7
ENSG00000090097,PCBP4
ENSG00000112378,PERP
ENSG00000102934,PLLP
ENSG00000185668,POU3F1
ENSG00000110841,PPFIBP1
ENSG00000155367,PPM1J
ENSG00000100796,PPP4R3A
ENSG00000169403,PTAFR
ENSG00000160271,RALGDS
ENSG00000132819,RBM38
ENSG00000143344,RGL1
ENSG00000147509,RGS20
ENSG00000155366,RHOC
ENSG00000105372,RPS19
ENSG00000031698,SARS
ENSG00000006747,SCIN
ENSG00000166257,SCN3B
ENSG00000124145,SDC4
ENSG00000168497,SDPR
ENSG00000166949,SMAD3
ENSG00000205302,SNX2
ENSG00000180008,SOCS4
ENSG00000157625,TAB3
ENSG00000179152,TCAIM
ENSG00000129566,TEP1
ENSG00000168769,TET2
ENSG00000151575,TEX9
ENSG00000137216,TMEM63B
ENSG00000137103,TMEM8B
ENSG00000141510,TP53
ENSG00000175274,TP53I11
ENSG00000182606,TRAK1
ENSG00000087077,TRIP6
ENSG00000135951,TSGA10
ENSG00000107731,UNC5B
ENSG00000101019,UQCC1
ENSG00000111424,VDR
ENSG00000090238,YPEL3
ENSG00000005801,ZNF195
ENSG00000161642,ZNF385A
ENSG00000265763,ZNF488
ENSG00000135899,SP110
ENSG00000122786,CALD1
ENSG00000138764,CCNG2
ENSG00000163171,CDC42EP3
ENSG00000164932,CTHRC1
ENSG00000104047,DTWD1
ENSG00000134504,KCTD1
ENSG00000169851,PCDH7
ENSG00000107438,PDLIM1
ENSG00000198053,SIRPA
ENSG00000113658,SMAD5
ENSG00000213523,SRA1
ENSG00000137574,TGS1
ENSG00000132467,UTP3
ENSG00000105939,ZC3HAV1
ENSG00000165029,ABCA1
ENSG00000115657,ABCB6
ENSG00000240303,ACAD11
ENSG00000087085,ACHE
ENSG00000097021,ACOT7
ENSG00000143632,ACTA1
ENSG00000163017,ACTG2
ENSG00000196839,ADA
ENSG00000148671,ADIRF
ENSG00000170425,ADORA2B
ENSG00000169252,ADRB2
ENSG00000084693,AGBL5
ENSG00000185567,AHNAK2
ENSG00000106992,AK1
ENSG00000108599,AKAP10
ENSG00000198074,AKR1B10
ENSG00000108602,ALDH3A1
ENSG00000187689,AMTN
ENSG00000148677,ANKRD1
ENSG00000206199,ANKUB1
ENSG00000134982,APC
ENSG00000243811,APOBEC3D
ENSG00000189058,APOD
ENSG00000165272,AQP3
ENSG00000186635,ARAP1
ENSG00000081181,ARG2
ENSG00000186517,ARHGAP30
ENSG00000165895,ARHGAP42
ENSG00000116017,ARID3A
ENSG00000179674,ARL14
ENSG00000172379,ARNT2
ENSG00000133794,ARNTL
ENSG00000137486,ARRB1
ENSG00000117407,ARTN
ENSG00000108381,ASPA
ENSG00000101844,ATG4A
ENSG00000066427,ATXN3
ENSG00000119986,AVPI1
ENSG00000162779,AXDND1
ENSG00000167601,AXL
ENSG00000172530,BANP
ENSG00000015475,BID
ENSG00000151136,BTBD11
ENSG00000165507,C10orf10
ENSG00000107738,C10orf54
ENSG00000119965,C10orf88
ENSG00000151131,C12orf45
ENSG00000198854,C1orf68
ENSG00000114529,C3orf52
ENSG00000179058,C9orf50
ENSG00000074410,CA12
ENSG00000173992,CCS
ENSG00000171219,CDC42BPG
ENSG00000040731,CDH10
ENSG00000011523,CEP68
ENSG00000111860,CEP85L
ENSG00000122863,CHST3
ENSG00000164442,CITED2
ENSG00000183723,CMTM4
ENSG00000065618,COL17A1
ENSG00000187498,COL4A1
ENSG00000092758,COL9A3
ENSG00000103647,CORO2B
ENSG00000178449,COX14
ENSG00000182809,CRIP2
ENSG00000103196,CRISPLD2
ENSG00000173546,CSPG4
ENSG00000170367,CST5
ENSG00000178585,CTNNBIP1
ENSG00000103811,CTSH
ENSG00000235134,CYP21A2
ENSG00000167600,CYP2S1
ENSG00000160870,CYP3A7
ENSG00000197191,CYSRT1
ENSG00000136848,DAB2IP
ENSG00000133083,DCLK1
ENSG00000162777,DENND2D
ENSG00000023697,DERA
ENSG00000149091,DGKZ
ENSG00000100612,DHRS7
ENSG00000107984,DKK1
ENSG00000158486,DNAH3
ENSG00000170464,DNAJC18
ENSG00000168724,DNAJC21
ENSG00000151640,DPYSL4
ENSG00000144045,DQX1
ENSG00000162490,DRAXIN
ENSG00000134762,DSC3
ENSG00000134109,EDEM1
ENSG00000176401,EID2B
ENSG00000167302,ENTHD2
ENSG00000196411,EPHB4
ENSG00000178567,EPM2AIP1
ENSG00000261150,EPPK1
ENSG00000164307,ERAP1
ENSG00000119715,ESRRB
ENSG00000149485,FADS1
ENSG00000186973,FAM183A
ENSG00000047346,FAM214A
ENSG00000112773,FAM46A
ENSG00000170271,FAXDC2
ENSG00000138829,FBN2
ENSG00000162894,FCMR
ENSG00000132185,FCRLA
ENSG00000113578,FGF1
ENSG00000197296,FITM2
ENSG00000076258,FMO4
ENSG00000170345,FOS
ENSG00000151474,FRMD4A
ENSG00000126391,FRMD8
ENSG00000170324,FRMPD2
ENSG00000134363,FST
ENSG00000136542,GALNT5
ENSG00000130005,GAMT
ENSG00000136895,GARNL3
ENSG00000183087,GAS6
ENSG00000239521,GATS
ENSG00000131979,GCH1
ENSG00000164404,GDF9
ENSG00000108262,GIT1
ENSG00000113552,GNPDA1
ENSG00000173230,GOLGB1
ENSG00000163328,GPR155
ENSG00000013588,GPRC5A
ENSG00000211445,GPX3
ENSG00000196208,GREB1
ENSG00000030582,GRN
ENSG00000148180,GSN
ENSG00000063854,HAGH
ENSG00000140511,HAPLN3
ENSG00000138646,HERC5
ENSG00000144485,HES6
ENSG00000110422,HIPK3
ENSG00000223532,HLA-B
ENSG00000204525,HLA-C
ENSG00000196196,HRCT1
ENSG00000197386,HTT
ENSG00000090339,ICAM1
ENSG00000105371,ICAM4
ENSG00000104365,IKBKB
ENSG00000077238,IL4R
ENSG00000104432,IL7
ENSG00000168918,INPP5D
ENSG00000161896,IP6K3
ENSG00000119669,IRF2BPL
ENSG00000128604,IRF5
ENSG00000117595,IRF6
ENSG00000164171,ITGA2
ENSG00000169896,ITGAM
ENSG00000086544,ITPKC
ENSG00000163207,IVL
ENSG00000243789,JMJD7
ENSG00000186994,KANK3
ENSG00000282076,KCNQ1
ENSG00000127663,KDM4B
ENSG00000135709,KIAA0513
ENSG00000164976,KIAA1161
ENSG00000120549,KIAA1217
ENSG00000114656,KIAA1257
ENSG00000117153,KLHL12
ENSG00000167767,KRT80
ENSG00000184351,KRTAP19-1
ENSG00000053747,LAMA3
ENSG00000186844,LCE1A
ENSG00000196734,LCE1B
ENSG00000197084,LCE1C
ENSG00000203985,LDLRAD1
ENSG00000106003,LFNG
ENSG00000050405,LIMA1
ENSG00000134324,LPIN1
ENSG00000168904,LRRC28
ENSG00000180155,LYNX1
ENSG00000177943,MAMDC4
ENSG00000139625,MAP3K12
ENSG00000180834,MAP6D1
ENSG00000137802,MAPKBP1
ENSG00000084764,MAPRE3
ENSG00000007047,MARK4
ENSG00000153208,MERTK
ENSG00000105976,MET
ENSG00000140545,MFGE8
ENSG00000125871,MGME1
ENSG00000102858,MGRN1
ENSG00000087245,MMP2
ENSG00000158186,MRAS
ENSG00000278466,MUC2
ENSG00000138347,MYPN
ENSG00000067798,NAV3
ENSG00000116701,NCF2
ENSG00000103034,NDRG4
ENSG00000066136,NFYC
ENSG00000136999,NOV
ENSG00000205309,NT5M
ENSG00000148053,NTRK2
ENSG00000074590,NUAK1
ENSG00000119900,OGFRL1
ENSG00000184792,OSBP2
ENSG00000070882,OSBPL3
ENSG00000164920,OSR2
ENSG00000175591,P2RY2
ENSG00000142619,PADI3
ENSG00000276747,PADI6
ENSG00000076641,PAG1
ENSG00000243444,PALM2
ENSG00000099260,PALMD
ENSG00000124171,PARD6B
ENSG00000108187,PBLD
ENSG00000004799,PDK4
ENSG00000131435,PDLIM4
ENSG00000087495,PHACTR3
ENSG00000155252,PI4K2A
ENSG00000143393,PI4KB
ENSG00000118495,PLAGL1
ENSG00000120278,PLEKHG1
ENSG00000124225,PMEPA1
ENSG00000122512,PMS2
ENSG00000128567,PODXL
ENSG00000163882,POLR2H
ENSG00000087074,PPP1R15A
ENSG00000165828,PRAP1
ENSG00000163932,PRKCD
ENSG00000163558,PRKCI
ENSG00000180259,PRNT
ENSG00000155066,PROM2
ENSG00000170848,PSG6
ENSG00000244694,PTCHD4
ENSG00000171862,PTEN
ENSG00000148344,PTGES
ENSG00000110400,PVRL1
ENSG00000155893,PXYLP1
ENSG00000172794,RAB37
ENSG00000144134,RABL2A
ENSG00000170471,RALGAPB
ENSG00000136828,RALGPS1
ENSG00000111344,RASAL1
ENSG00000266094,RASSF5
ENSG00000103479,RBL2
ENSG00000239306,RBM14
ENSG00000089682,RBM41
ENSG00000166831,RBPMS2
ENSG00000163743,RCHY1
ENSG00000104856,RELB
ENSG00000131378,RFTN1
ENSG00000159788,RGS12
ENSG00000129667,RHBDF2
ENSG00000173156,RHOD
ENSG00000174791,RIN1
ENSG00000183421,RIPK4
ENSG00000082996,RNF13
ENSG00000138942,RNF185
ENSG00000149489,ROM1
ENSG00000215853,RPTN
ENSG00000115884,SDC1
ENSG00000121542,SEC22A
ENSG00000001617,SEMA3F
ENSG00000099381,SETD1A
ENSG00000118515,SGK1
ENSG00000110013,SIAE
ENSG00000149577,SIDT2
ENSG00000142178,SIK1
ENSG00000052723,SIKE1
ENSG00000157933,SKI
ENSG00000026751,SLAMF7
ENSG00000122912,SLC25A16
ENSG00000116704,SLC35D1
ENSG00000188338,SLC38A3
ENSG00000076351,SLC46A1
ENSG00000211584,SLC48A1
ENSG00000132517,SLC52A1
ENSG00000109062,SLC9A3R1
ENSG00000184602,SNN
ENSG00000198573,SPANXC
ENSG00000164056,SPRY1
ENSG00000171621,SPSB1
ENSG00000172345,STARD5
ENSG00000118046,STK11
ENSG00000099365,STX1B
ENSG00000116266,STXBP3
ENSG00000175600,SUGCT
ENSG00000119760,SUPT7L
ENSG00000099994,SUSD2
ENSG00000165025,SYK
ENSG00000162520,SYNC
ENSG00000137501,SYTL2
ENSG00000206297,TAP1
ENSG00000095383,TBC1D2
ENSG00000065491,TBC1D22B
ENSG00000183735,TBK1
ENSG00000204219,TCEA3
ENSG00000176148,TCP11L1
ENSG00000007866,TEAD3
ENSG00000120708,TGFBI
ENSG00000135966,TGFBRAP1
ENSG00000136114,THSD1
ENSG00000075336,TIMM21
ENSG00000160606,TLCD1
ENSG00000174130,TLR6
ENSG00000232112,TMA7
ENSG00000135926,TMBIM1
ENSG00000075568,TMEM131
ENSG00000164484,TMEM200A
ENSG00000198133,TMEM229B
ENSG00000135185,TMEM243
ENSG00000147003,TMEM27
ENSG00000088726,TMEM40
ENSG00000178821,TMEM52
ENSG00000152078,TMEM56
ENSG00000139324,TMTC3
ENSG00000131746,TNS4
ENSG00000168016,TRANK1
ENSG00000104228,TRIM35
ENSG00000171206,TRIM8
ENSG00000167723,TRPV3
ENSG00000103197,TSC2
ENSG00000171045,TSNARE1
ENSG00000117472,TSPAN1
ENSG00000182612,TSPAN10
ENSG00000176014,TUBB6
ENSG00000143367,TUFT1
ENSG00000265972,TXNIP
ENSG00000154127,UBASH3B
ENSG00000104517,UBR5
ENSG00000135655,USP15
ENSG00000103404,USP31
ENSG00000139668,WDFY2
ENSG00000162552,WNT4
ENSG00000060138,YBX3
ENSG00000119801,YPEL5
ENSG00000168795,ZBTB5
ENSG00000184939,ZFP90
ENSG00000165861,ZFYVE1
ENSG00000168661,ZNF30
ENSG00000075407,ZNF37A
ENSG00000102935,ZNF423
ENSG00000171295,ZNF440
ENSG00000175105,ZNF654
ENSG00000180532,ZSCAN4
ENSG00000002822,MAD1L1
ENSG00000029534,ANK1
ENSG00000204217,BMPR2
ENSG00000100916,BRMS1L
ENSG00000026508,CD44
ENSG00000177200,CHD9
ENSG00000179862,CITED4
ENSG00000121552,CSTA
ENSG00000146648,EGFR
ENSG00000181104,F2R
ENSG00000151233,GXYLT1
ENSG00000186834,HEXIM1
ENSG00000184678,HIST2H2BE
ENSG00000119917,IFIT3
ENSG00000168264,IRF2BP2
ENSG00000071054,MAP4K4
ENSG00000171421,MRPL36
ENSG00000118257,NRP2
ENSG00000100767,PAPLN
ENSG00000073711,PPP2R3A
ENSG00000131759,RARA
ENSG00000137203,TFAP2A
ENSG00000087510,TFAP2C
ENSG00000108175,ZMIZ1
ENSG00000137331,IER3
ENSG00000184640,40057
ENSG00000128274,A4GALT
ENSG00000131043,AAR2
ENSG00000183044,ABAT
ENSG00000251595,ABCA11P
ENSG00000150967,ABCB9
ENSG00000023839,ABCC2
ENSG00000108846,ABCC3
ENSG00000117528,ABCD3
ENSG00000160179,ABCG1
ENSG00000118777,ABCG2
ENSG00000172350,ABCG4
ENSG00000168792,ABHD15
ENSG00000107362,ABHD17B
ENSG00000011198,ABHD5
ENSG00000163686,ABHD6
ENSG00000181513,ACBD4
ENSG00000107897,ACBD5
ENSG00000102575,ACP5
ENSG00000162836,ACP6
ENSG00000164398,ACSL6
ENSG00000121989,ACVR2A
ENSG00000114948,ADAM23
ENSG00000136378,ADAMTS7
ENSG00000184060,ADAP2
ENSG00000197381,ADARB1
ENSG00000173137,ADCK5
ENSG00000164742,ADCY1
ENSG00000121753,ADGRB2
ENSG00000182035,ADIG
ENSG00000130706,ADRM1
ENSG00000144218,AFF3
ENSG00000165923,AGBL2
ENSG00000188157,AGRN
ENSG00000135744,AGT
ENSG00000144891,AGTR1
ENSG00000177674,AGTRAP
ENSG00000156709,AIFM1
ENSG00000140057,AK7
ENSG00000144908,ALDH1L1
ENSG00000159423,ALDH4A1
ENSG00000164904,ALDH7A1
ENSG00000253710,ALG11
ENSG00000136383,ALPK3
ENSG00000178038,ALS2CL
ENSG00000242110,AMACR
ENSG00000184675,AMER1
ENSG00000151150,ANK3
ENSG00000170209,ANKK1
ENSG00000151572,ANO4
ENSG00000135046,ANXA1
ENSG00000104537,ANXA13
ENSG00000138772,ANXA3
ENSG00000106367,AP1S1
ENSG00000084674,APOB
ENSG00000111701,APOBEC1
ENSG00000124701,APOBEC2
ENSG00000239713,APOBEC3G
ENSG00000062725,APPBP2
ENSG00000178301,AQP11
ENSG00000124198,ARFGEF2
ENSG00000128805,ARHGAP22
ENSG00000111348,ARHGDIB
ENSG00000136002,ARHGEF4
ENSG00000129675,ARHGEF6
ENSG00000185305,ARL15
ENSG00000100299,ARSA
ENSG00000188611,ASAH2
ENSG00000169696,ASPSCR1
ENSG00000130707,ASS1
ENSG00000166669,ATF7IP2
ENSG00000152348,ATG10
ENSG00000075673,ATP12A
ENSG00000157087,ATP2B2
ENSG00000124172,ATP5E
ENSG00000116459,ATP5F1
ENSG00000248919,ATP5J2-PTCD1
ENSG00000100554,ATP6V1D
ENSG00000132932,ATP8A2
ENSG00000130770,ATPIF1
ENSG00000118276,B4GALT6
ENSG00000186318,BACE1
ENSG00000030110,BAK1
ENSG00000095739,BAMBI
ENSG00000119636,BBOF1
ENSG00000122507,BBS9
ENSG00000124243,BCAS4
ENSG00000142867,BCL10
ENSG00000153094,BCL2L11
ENSG00000121380,BCL2L14
ENSG00000069399,BCL3
ENSG00000186174,BCL9L
ENSG00000135697,BCO1
ENSG00000168398,BDKRB2
ENSG00000125864,BFSP1
ENSG00000242252,BGLAP
ENSG00000185963,BICD2
ENSG00000095585,BLNK
ENSG00000183682,BMP8A
ENSG00000116985,BMP8B
ENSG00000104765,BNIP3L
ENSG00000174744,BRMS1
ENSG00000165288,BRWD3
ENSG00000222009,BTBD19
ENSG00000137707,BTG4
ENSG00000112276,BVES
ENSG00000171067,C11orf24
ENSG00000133935,C14orf1
ENSG00000227051,C14orf132
ENSG00000133943,C14orf159
ENSG00000184601,C14orf180
ENSG00000179476,C14orf28
ENSG00000140104,C14orf79
ENSG00000128891,C15orf57
ENSG00000279257,C17orf100
ENSG00000154035,C17orf103
ENSG00000181013,C17orf47
ENSG00000184560,C17orf74
ENSG00000141219,C17orf80
ENSG00000187889,C1orf168
ENSG00000179902,C1orf194
ENSG00000162757,C1orf74
ENSG00000163145,C1QTNF7
ENSG00000182326,C1S
ENSG00000149443,C20orf78
ENSG00000179270,C2orf71
ENSG00000187699,C2orf88
ENSG00000131379,C3orf20
ENSG00000228454,C4B
ENSG00000197405,C5AR1
ENSG00000137434,C6orf52
ENSG00000184530,C6orf58
ENSG00000122783,C7orf49
ENSG00000164603,C7orf60
ENSG00000169085,C8orf46
ENSG00000183784,C9orf66
ENSG00000169239,CA5B
ENSG00000154040,CABYR
ENSG00000007402,CACNA2D2
ENSG00000165995,CACNB2
ENSG00000105767,CADM4
ENSG00000012822,CALCOCO1
ENSG00000169885,CALML6
ENSG00000058404,CAMK2B
ENSG00000171735,CAMTA1
ENSG00000171302,CANT1
ENSG00000014216,CAPN1
ENSG00000131375,CAPN7
ENSG00000100065,CARD10
ENSG00000255501,CARD18
ENSG00000137752,CASP1
ENSG00000003400,CASP10
ENSG00000121691,CAT
ENSG00000174898,CATSPERD
ENSG00000142273,CBLC
ENSG00000141668,CBLN2
ENSG00000145439,CBR4
ENSG00000160200,CBS
ENSG00000183741,CBX6
ENSG00000168491,CCDC110
ENSG00000159873,CCDC117
ENSG00000151773,CCDC122
ENSG00000100147,CCDC134
ENSG00000163749,CCDC158
ENSG00000166960,CCDC178
ENSG00000183273,CCDC60
ENSG00000173093,CCDC63
ENSG00000135127,CCDC64
ENSG00000149201,CCDC81
ENSG00000187094,CCK
ENSG00000172724,CCL19
ENSG00000118971,CCND2
ENSG00000103540,CCP110
ENSG00000177697,CD151
ENSG00000177675,CD163L1
ENSG00000158488,CD1E
ENSG00000120217,CD274
ENSG00000103855,CD276
ENSG00000117335,CD46
ENSG00000125726,CD70
ENSG00000197622,CDC42SE1
ENSG00000145526,CDH18
ENSG00000058091,CDK14
ENSG00000008086,CDKL5
ENSG00000109089,CDR2L
ENSG00000079385,CEACAM1
ENSG00000142789,CELA3A
ENSG00000048740,CELF2
ENSG00000143126,CELSR2
ENSG00000103888,CEMIP
ENSG00000168944,CEP120
ENSG00000099814,CEP170B
ENSG00000101624,CEP76
ENSG00000090661,CERS4
ENSG00000172828,CES3
ENSG00000177143,CETN1
ENSG00000001626,CFTR
ENSG00000100532,CGRRF1
ENSG00000138135,CH25H
ENSG00000128965,CHAC1
ENSG00000100399,CHADL
ENSG00000106153,CHCHD2
ENSG00000170791,CHCHD7
ENSG00000064886,CHI3L2
ENSG00000164695,CHMP4C
ENSG00000147434,CHRNA6
ENSG00000175344,CHRNA7
ENSG00000117971,CHRNB4
ENSG00000104879,CKM
ENSG00000132514,CLEC10A
ENSG00000153132,CLGN
ENSG00000112782,CLIC5
ENSG00000159212,CLIC6
ENSG00000278220,CLN8
ENSG00000153815,CMIP
ENSG00000140931,CMTM3
ENSG00000198515,CNGA1
ENSG00000143771,CNIH4
ENSG00000158158,CNNM4
ENSG00000113300,CNOT6
ENSG00000111799,COL12A1
ENSG00000197467,COL13A1
ENSG00000084636,COL16A1
ENSG00000182871,COL18A1
ENSG00000101203,COL20A1
ENSG00000196739,COL27A1
ENSG00000130635,COL5A1
ENSG00000163359,COL6A3
ENSG00000093010,COMT
ENSG00000165644,COMTD1
ENSG00000167113,COQ4
ENSG00000102879,CORO1A
ENSG00000106789,CORO2A
ENSG00000111775,COX6A1
ENSG00000112695,COX7A2
ENSG00000144410,CPO
ENSG00000169169,CPT1C
ENSG00000007545,CRAMP1
ENSG00000119878,CRIPT
ENSG00000124812,CRISP1
ENSG00000147408,CSGALNACT1
ENSG00000164796,CSMD3
ENSG00000213923,CSNK1E
ENSG00000101439,CST3
ENSG00000101441,CST4
ENSG00000160213,CSTB
ENSG00000225362,CT62
ENSG00000150281,CTF1
ENSG00000183230,CTNNA3
ENSG00000141086,CTRL
ENSG00000117984,CTSD
ENSG00000180891,CUEDC1
ENSG00000112659,CUL9
ENSG00000006210,CX3CL1
ENSG00000120280,CXorf21
ENSG00000165182,CXorf58
ENSG00000161544,CYGB
ENSG00000106258,CYP3A5
ENSG00000186115,CYP4F2
ENSG00000186526,CYP4F8
ENSG00000142871,CYR61
ENSG00000108669,CYTH1
ENSG00000197380,DACT3
ENSG00000110887,DAO
ENSG00000188215,DCUN1D3
ENSG00000167986,DDB1
ENSG00000175197,DDIT3
ENSG00000118197,DDX59
ENSG00000173077,DEC1
ENSG00000104325,DECR1
ENSG00000175984,DENND2C
ENSG00000121690,DEPDC7
ENSG00000155792,DEPTOR
ENSG00000105928,DFNA5
ENSG00000095397,DFNB31
ENSG00000204311,DFNB59
ENSG00000185000,DGAT1
ENSG00000157680,DGKI
ENSG00000114956,DGUOK
ENSG00000157379,DHRS1
ENSG00000174325,DIRC1
ENSG00000138463,DIRC2
ENSG00000150764,DIXDC1
ENSG00000064218,DMRT3
ENSG00000135164,DMTF1
ENSG00000158856,DMTN
ENSG00000114841,DNAH1
ENSG00000137094,DNAJB5
ENSG00000105993,DNAJB6
ENSG00000128590,DNAJB9
ENSG00000177692,DNAJC28
ENSG00000116675,DNAJC6
ENSG00000197959,DNM3
ENSG00000107554,DNMBP
ENSG00000088305,DNMT3B
ENSG00000272636,DOC2B
ENSG00000088538,DOCK3
ENSG00000128512,DOCK4
ENSG00000146094,DOK3
ENSG00000015413,DPEP1
ENSG00000175550,DRAP1
ENSG00000149295,DRD2
ENSG00000133059,DSTYK
ENSG00000137857,DUOX1
ENSG00000140254,DUOXA1
ENSG00000120129,DUSP1
ENSG00000143507,DUSP10
ENSG00000149599,DUSP15
ENSG00000162999,DUSP19
ENSG00000158050,DUSP2
ENSG00000120875,DUSP4
ENSG00000139318,DUSP6
ENSG00000112242,E2F3
ENSG00000117298,ECE1
ENSG00000279686,ECSCR
ENSG00000135960,EDAR
ENSG00000181552,EDDM3B
ENSG00000116406,EDEM3
ENSG00000185055,EFCAB10
ENSG00000203666,EFCAB2
ENSG00000084710,EFR3B
ENSG00000122877,EGR2
ENSG00000113790,EHHADH
ENSG00000055332,EIF2AK2
ENSG00000118985,ELL2
ENSG00000179387,ELMOD2
ENSG00000115459,ELMOD3
ENSG00000119915,ELOVL3
ENSG00000066629,EML1
ENSG00000267757,EML2-AS1
ENSG00000197594,ENPP1
ENSG00000001561,ENPP4
ENSG00000143420,ENSA
ENSG00000163508,EOMES
ENSG00000116016,EPAS1
ENSG00000159023,EPB41
ENSG00000095203,EPB41L4B
ENSG00000116106,EPHA4
ENSG00000182580,EPHB3
ENSG00000012061,ERCC1
ENSG00000124882,EREG
ENSG00000178607,ERN1
ENSG00000086619,ERO1B
ENSG00000116285,ERRFI1
ENSG00000091831,ESR1
ENSG00000103067,ESRP2
ENSG00000117868,ESYT2
ENSG00000140374,ETFA
ENSG00000166979,EVA1C
ENSG00000067208,EVI5
ENSG00000221990,EXOC3-AS1
ENSG00000178896,EXOSC4
ENSG00000151348,EXT2
ENSG00000180210,F2
ENSG00000198734,F5
ENSG00000185010,F8
ENSG00000103089,FA2H
ENSG00000221968,FADS3
ENSG00000162636,FAM102B
ENSG00000133193,FAM104A
ENSG00000145569,FAM105A
ENSG00000065809,FAM107B
ENSG00000184163,FAM132A
ENSG00000154153,FAM134B
ENSG00000154319,FAM167A
ENSG00000198780,FAM169A
ENSG00000144369,FAM171B
ENSG00000185442,FAM174B
ENSG00000185958,FAM186A
ENSG00000148481,FAM188A
ENSG00000104059,FAM189A1
ENSG00000135063,FAM189A2
ENSG00000198673,FAM19A2
ENSG00000221909,FAM200A
ENSG00000185614,FAM212A
ENSG00000005238,FAM214B
ENSG00000183508,FAM46C
ENSG00000189319,FAM53B
ENSG00000111913,FAM65B
ENSG00000009780,FAM76A
ENSG00000126882,FAM78A
ENSG00000157470,FAM81A
ENSG00000147689,FAM83A
ENSG00000273889,FAM83H
ENSG00000176973,FAM89B
ENSG00000166595,FAM96B
ENSG00000162458,FBLIM1
ENSG00000077942,FBLN1
ENSG00000112787,FBRSL1
ENSG00000155034,FBXL18
ENSG00000141665,FBXO15
ENSG00000079459,FDFT1
ENSG00000160752,FDPS
ENSG00000088340,FER1L4
ENSG00000101311,FERMT1
ENSG00000149557,FEZ1
ENSG00000127084,FGD3
ENSG00000129682,FGF13
ENSG00000156427,FGF18
ENSG00000138685,FGF2
ENSG00000213066,FGFR1OP
ENSG00000066468,FGFR2
ENSG00000068078,FGFR3
ENSG00000168386,FILIP1L
ENSG00000079150,FKBP7
ENSG00000196924,FLNA
ENSG00000206480,FLOT1
ENSG00000102755,FLT1
ENSG00000160097,FNDC5
ENSG00000110203,FOLR3
ENSG00000129514,FOXA1
ENSG00000186564,FOXD2
ENSG00000103241,FOXF1
ENSG00000183770,FOXL2
ENSG00000170802,FOXN2
ENSG00000128573,FOXP2
ENSG00000049768,FOXP3
ENSG00000137166,FOXP4
ENSG00000179772,FOXS1
ENSG00000111816,FRK
ENSG00000166225,FRS2
ENSG00000073910,FRY
ENSG00000075618,FSCN1
ENSG00000070404,FSTL3
ENSG00000053108,FSTL4
ENSG00000167996,FTH1
ENSG00000087086,FTL
ENSG00000089356,FXYD3
ENSG00000164930,FZD6
ENSG00000109458,GAB1
ENSG00000034713,GABARAPL2
ENSG00000136928,GABBR2
ENSG00000136750,GAD2
ENSG00000144644,GADL1
ENSG00000197093,GAL3ST4
ENSG00000164574,GALNT10
ENSG00000178234,GALNT11
ENSG00000182687,GALR2
ENSG00000157833,GAREM2
ENSG00000007237,GAS7
ENSG00000130700,GATA5
ENSG00000257218,GATC
ENSG00000005436,GCFC2
ENSG00000111846,GCNT2
ENSG00000006007,GDE1
ENSG00000158555,GDPD5
ENSG00000167741,GGT6
ENSG00000112964,GHR
ENSG00000141034,GID4
ENSG00000187513,GJA4
ENSG00000189433,GJB4
ENSG00000189280,GJB5
ENSG00000106415,GLCCI1
ENSG00000178445,GLDC
ENSG00000250571,GLI4
ENSG00000122694,GLIPR2
ENSG00000126603,GLIS2
ENSG00000173221,GLRX
ENSG00000166840,GLYATL1
ENSG00000196743,GM2A
ENSG00000104499,GML
ENSG00000088256,GNA11
ENSG00000087460,GNAS
ENSG00000155265,GOLGA7B
ENSG00000125772,GPCPD1
ENSG00000152642,GPD1L
ENSG00000101850,GPR143
ENSG00000144230,GPR17
ENSG00000184194,GPR173
ENSG00000170775,GPR37
ENSG00000183840,GPR39
ENSG00000023171,GRAMD1B
ENSG00000075240,GRAMD4
ENSG00000141738,GRB7
ENSG00000134317,GRHL1
ENSG00000083307,GRHL2
ENSG00000152578,GRIA4
ENSG00000161509,GRIN2C
ENSG00000198873,GRK5
ENSG00000179603,GRM8
ENSG00000167914,GSDMA
ENSG00000100983,GSS
ENSG00000084207,GSTP1
ENSG00000137947,GTF2B
ENSG00000006704,GTF2IRD1
ENSG00000165996,HACD1
ENSG00000105697,HAMP
ENSG00000113070,HBEGF
ENSG00000105856,HBP1
ENSG00000140287,HDC
ENSG00000173706,HEG1
ENSG00000165478,HEPACAM
ENSG00000273529,HES5
ENSG00000163909,HEYL
ENSG00000010282,HHATL
ENSG00000177374,HIC1
ENSG00000130787,HIP1R
ENSG00000278828,HIST1H3H
ENSG00000203812,HIST2H2AA3
ENSG00000272196,HIST2H2AA4
ENSG00000203814,HIST2H2BF
ENSG00000203852,HIST2H3A
ENSG00000113161,HMGCR
ENSG00000241935,HOGA1
ENSG00000005073,HOXA11
ENSG00000105707,HPN
ENSG00000110169,HPX
ENSG00000127252,HRASLS
ENSG00000196639,HRH1
ENSG00000118960,HS1BP3
ENSG00000125430,HS3ST3B1
ENSG00000182601,HS3ST4
ENSG00000176387,HSD11B2
ENSG00000119471,HSDL2
ENSG00000165868,HSPA12A
ENSG00000169271,HSPB3
ENSG00000152137,HSPB8
ENSG00000108622,ICAM2
ENSG00000185745,IFIT1
ENSG00000206013,IFITM5
ENSG00000115457,IGFBP2
ENSG00000146674,IGFBP3
ENSG00000141753,IGFBP4
ENSG00000188624,IGFL3
ENSG00000136634,IL10
ENSG00000110324,IL10RA
ENSG00000131724,IL13RA1
ENSG00000172349,IL16
ENSG00000115590,IL1R2
ENSG00000136689,IL1RN
ENSG00000162891,IL20
ENSG00000137033,IL33
ENSG00000136688,IL36G
ENSG00000136244,IL6
ENSG00000160712,IL6R
ENSG00000173404,INSM1
ENSG00000171105,INSR
ENSG00000198700,IPO9
ENSG00000198001,IRAK4
ENSG00000125347,IRF1
ENSG00000213928,IRF9
ENSG00000185950,IRS2
ENSG00000101230,ISM1
ENSG00000129636,ITFG1
ENSG00000091409,ITGA6
ENSG00000144668,ITGA9
ENSG00000105855,ITGB8
ENSG00000158764,ITLN2
ENSG00000078596,ITM2A
ENSG00000143772,ITPKB
ENSG00000205730,ITPRIPL2
ENSG00000130522,JUND
ENSG00000069424,KCNAB2
ENSG00000158445,KCNB1
ENSG00000166006,KCNC2
ENSG00000162975,KCNF1
ENSG00000171126,KCNG3
ENSG00000187486,KCNJ11
ENSG00000184185,KCNJ12
ENSG00000123700,KCNJ2
ENSG00000152315,KCNK13
ENSG00000173338,KCNK7
ENSG00000156113,KCNMA1
ENSG00000184156,KCNQ3
ENSG00000156486,KCNS2
ENSG00000188997,KCTD21
ENSG00000089094,KDM2B
ENSG00000126012,KDM5C
ENSG00000132510,KDM6B
ENSG00000166783,KIAA0430
ENSG00000250423,KIAA1210
ENSG00000164944,KIAA1429
ENSG00000173214,KIAA1919
ENSG00000054523,KIF1B
ENSG00000066735,KIF26A
ENSG00000155980,KIF5A
ENSG00000088727,KIF9
ENSG00000162413,KLHL21
ENSG00000114796,KLHL24
ENSG00000168427,KLHL30
ENSG00000227268,KLLN
ENSG00000139187,KLRG1
ENSG00000213809,KLRK1
ENSG00000055609,KMT2C
ENSG00000133247,KMT5C
ENSG00000128422,KRT17
ENSG00000265480,KRT18P55
ENSG00000171345,KRT19
ENSG00000263057,KRT20
ENSG00000131737,KRT34
ENSG00000135480,KRT7
ENSG00000170523,KRT83
ENSG00000135443,KRT85
ENSG00000170442,KRT86
ENSG00000189169,KRTAP10-12
ENSG00000186977,KRTAP19-5
ENSG00000185513,L3MBTL1
ENSG00000101680,LAMA1
ENSG00000196878,LAMB3
ENSG00000135862,LAMC1
ENSG00000078081,LAMP3
ENSG00000213658,LAT
ENSG00000150457,LATS2
ENSG00000213398,LCAT
ENSG00000244057,LCE3C
ENSG00000198728,LDB1
ENSG00000130164,LDLR
ENSG00000187942,LDLRAD2
ENSG00000157978,LDLRAP1
ENSG00000146166,LGSN
ENSG00000183722,LHFP
ENSG00000182508,LHFPL1
ENSG00000145685,LHFPL2
ENSG00000113594,LIFR
ENSG00000064042,LIMCH1
ENSG00000144791,LIMD1
ENSG00000131899,LLGL1
ENSG00000071282,LMCD1
ENSG00000072201,LNX1
ENSG00000167210,LOXHD1
ENSG00000138131,LOXL4
ENSG00000132793,LPIN3
ENSG00000145012,LPP
ENSG00000156564,LRFN2
ENSG00000197324,LRP10
ENSG00000137269,LRRC1
ENSG00000172061,LRRC15
ENSG00000176809,LRRC37A3
ENSG00000148948,LRRC4C
ENSG00000175928,LRRN1
ENSG00000184154,LRTOMT
ENSG00000119681,LTBP2
ENSG00000153714,LURAP1L
ENSG00000169641,LUZP1
ENSG00000167656,LY6D
ENSG00000160886,LY6K
ENSG00000232859,LYRM9
ENSG00000140280,LYSMD2
ENSG00000183742,MACC1
ENSG00000204103,MAFB
ENSG00000196782,MAML3
ENSG00000034152,MAP2K3
ENSG00000095015,MAP3K1
ENSG00000274205,MAPK15
ENSG00000183654,MARCH11
ENSG00000144583,MARCH4
ENSG00000278545,MARCH8
ENSG00000274671,MARVELD2
ENSG00000099308,MAST3
ENSG00000198125,MB
ENSG00000204406,MBD5
ENSG00000273592,MBOAT7
ENSG00000076706,MCAM
ENSG00000101977,MCF2
ENSG00000126217,MCF2L
ENSG00000135272,MDFIC
ENSG00000144893,MED12L
ENSG00000175221,MED16
ENSG00000130772,MED18
ENSG00000152944,MED21
ENSG00000112282,MED23
ENSG00000068305,MEF2A
ENSG00000157890,MEGF11
ENSG00000162591,MEGF6
ENSG00000140406,MESDC1
ENSG00000117899,MESDC2
ENSG00000275031,METRNL
ENSG00000185432,METTL7A
ENSG00000170439,METTL7B
ENSG00000147324,MFHAS1
ENSG00000116688,MFN2
ENSG00000174514,MFSD4
ENSG00000185156,MFSD6L
ENSG00000257335,MGAM
ENSG00000074416,MGLL
ENSG00000085871,MGST2
ENSG00000197530,MIB2
ENSG00000133808,MICALCL
ENSG00000164877,MICALL2
ENSG00000165175,MID1IP1
ENSG00000187098,MITF
ENSG00000128585,MKLN1
ENSG00000133606,MKRN1
ENSG00000100427,MLC1
ENSG00000213190,MLLT11
ENSG00000173542,MOB1B
ENSG00000133131,MORC4
ENSG00000101928,MOSPD1
ENSG00000073146,MOV10L1
ENSG00000079931,MOXD1
ENSG00000118242,MREG
ENSG00000037757,MRI1
ENSG00000180992,MRPL14
ENSG00000108826,MRPL27
ENSG00000154719,MRPL39
ENSG00000120832,MTERF2
ENSG00000101181,MTG2
ENSG00000014914,MTMR11
ENSG00000132613,MTSS1L
ENSG00000180354,MTURN
ENSG00000173702,MUC13
ENSG00000196814,MVB12B
ENSG00000110921,MVK
ENSG00000013364,MVP
ENSG00000183486,MX2
ENSG00000123933,MXD4
ENSG00000182534,MXRA7
ENSG00000118513,MYB
ENSG00000134571,MYBPC3
ENSG00000106436,MYL10
ENSG00000111245,MYL2
ENSG00000041515,MYO16
ENSG00000166866,MYO1A
ENSG00000157483,MYO1E
ENSG00000071909,MYO3B
ENSG00000139597,N4BP2L1
ENSG00000122390,NAA60
ENSG00000168060,NAALADL1
ENSG00000173559,NABP1
ENSG00000148411,NACC2
ENSG00000166833,NAV2
ENSG00000144959,NCEH1
ENSG00000176771,NCKAP5
ENSG00000124151,NCOA3
ENSG00000058804,NDC1
ENSG00000104419,NDRG1
ENSG00000145494,NDUFS6
ENSG00000160194,NDUFV3
ENSG00000111859,NEDD9
ENSG00000160602,NEK8
ENSG00000214357,NEURL1B
ENSG00000131196,NFATC1
ENSG00000101096,NFATC2
ENSG00000100968,NFATC4
ENSG00000123405,NFE2
ENSG00000116044,NFE2L2
ENSG00000109320,NFKB1
ENSG00000064300,NGFR
ENSG00000087303,NID2
ENSG00000001461,NIPAL3
ENSG00000091106,NLRC4
ENSG00000157064,NMNAT2
ENSG00000163864,NMNAT3
ENSG00000151014,NOCT
ENSG00000156574,NODAL
ENSG00000197183,NOL4L
ENSG00000198929,NOS1AP
ENSG00000074181,NOTCH3
ENSG00000183793,NPIPA5
ENSG00000168743,NPNT
ENSG00000131910,NR0B2
ENSG00000126368,NR1D1
ENSG00000113580,NR3C1
ENSG00000119508,NR4A3
ENSG00000116833,NR5A2
ENSG00000148200,NR6A1
ENSG00000185189,NRBP2
ENSG00000168824,NSG1
ENSG00000135318,NT5E
ENSG00000185652,NTF3
ENSG00000065320,NTN1
ENSG00000163545,NUAK2
ENSG00000196368,NUDT11
ENSG00000167799,NUDT8
ENSG00000198088,NUP62CL
ENSG00000188039,NWD1
ENSG00000144815,NXPE3
ENSG00000144460,NYAP2
ENSG00000124006,OBSL1
ENSG00000122417,ODF2L
ENSG00000111325,OGFOD2
ENSG00000106809,OGN
ENSG00000147162,OGT
ENSG00000105088,OLFM2
ENSG00000126861,OMG
ENSG00000119547,ONECUT2
ENSG00000197430,OPALIN
ENSG00000178814,OPLAH
ENSG00000123240,OPTN
ENSG00000221840,OR4A5
ENSG00000279012,OR51B2
ENSG00000176239,OR51B6
ENSG00000180974,OR52E4
ENSG00000181023,OR56B1
ENSG00000172365,OR5B2
ENSG00000255298,OR8G5
ENSG00000228278,ORM2
ENSG00000172818,OVOL1
ENSG00000171631,P2RY6
ENSG00000178467,P4HTM
ENSG00000130669,PAK4
ENSG00000099864,PALM
ENSG00000115421,PAPOLG
ENSG00000160781,PAQR6
ENSG00000185345,PARK2
ENSG00000169116,PARM1
ENSG00000059378,PARP12
ENSG00000115687,PASK
ENSG00000229474,PATL2
ENSG00000075891,PAX2
ENSG00000163346,PBXIP1
ENSG00000138650,PCDH10
ENSG00000185619,PCGF3
ENSG00000180628,PCGF5
ENSG00000168300,PCMTD1
ENSG00000081154,PCNP
ENSG00000099139,PCSK5
ENSG00000169174,PCSK9
ENSG00000161217,PCYT1A
ENSG00000186642,PDE2A
ENSG00000172572,PDE3A
ENSG00000178104,PDE4DIP
ENSG00000138735,PDE5A
ENSG00000164951,PDP1
ENSG00000089220,PEBP1
ENSG00000170525,PFKFB3
ENSG00000185220,PGBD2
ENSG00000161031,PGLYRP2
ENSG00000112137,PHACTR1
ENSG00000112419,PHACTR2
ENSG00000239756,PHF1
ENSG00000025293,PHF20
ENSG00000019144,PHLDB1
ENSG00000165443,PHYHIPL
ENSG00000153823,PID1
ENSG00000151665,PIGF
ENSG00000162896,PIGR
ENSG00000133056,PIK3C2B
ENSG00000171608,PIK3CD
ENSG00000100100,PIK3IP1
ENSG00000105647,PIK3R2
ENSG00000102096,PIM2
ENSG00000166473,PKD1L2
ENSG00000244257,PKD1P1
ENSG00000162878,PKDCC
ENSG00000081277,PKP1
ENSG00000103066,PLA2G15
ENSG00000159337,PLA2G4D
ENSG00000104368,PLAT
ENSG00000122861,PLAU
ENSG00000011422,PLAUR
ENSG00000161714,PLCD3
ENSG00000075651,PLD1
ENSG00000115956,PLEK
ENSG00000107679,PLEKHA1
ENSG00000143850,PLEKHA6
ENSG00000106086,PLEKHA8
ENSG00000175895,PLEKHF2
ENSG00000241839,PLEKHO2
ENSG00000167676,PLIN4
ENSG00000203805,PLPP4
ENSG00000198753,PLXNB3
ENSG00000109099,PMP22
ENSG00000187953,PMS2CL
ENSG00000266200,PNLIPRP2
ENSG00000166169,POLL
ENSG00000181222,POLR2A
ENSG00000121851,POLR3GL
ENSG00000272391,POM121C
ENSG00000115138,POMC
ENSG00000105852,PON3
ENSG00000028277,POU2F2
ENSG00000137709,POU2F3
ENSG00000186951,PPARA
ENSG00000100614,PPM1A
ENSG00000163590,PPM1L
ENSG00000158615,PPP1R15B
ENSG00000173281,PPP1R3B
ENSG00000104695,PPP2CB
ENSG00000156475,PPP2R2B
ENSG00000108849,PPY
ENSG00000133246,PRAM1
ENSG00000124126,PREX1
ENSG00000180644,PRF1
ENSG00000163637,PRICKLE2
ENSG00000065675,PRKCQ
ENSG00000105287,PRKD2
ENSG00000128563,PRKRIP1
ENSG00000126460,PRRG2
ENSG00000135378,PRRG4
ENSG00000164099,PRSS12
ENSG00000150687,PRSS23
ENSG00000178055,PRSS42
ENSG00000125637,PSD4
ENSG00000231924,PSG1
ENSG00000124467,PSG8
ENSG00000183668,PSG9
ENSG00000205220,PSMB10
ENSG00000127329,PTPRB
ENSG00000144724,PTPRG
ENSG00000149177,PTPRJ
ENSG00000151490,PTPRO
ENSG00000163661,PTX3
ENSG00000055917,PUM2
ENSG00000177192,PUS1
ENSG00000100362,PVALB
ENSG00000168994,PXDC1
ENSG00000179165,PXT1
ENSG00000163564,PYHIN1
ENSG00000131242,RAB11FIP4
ENSG00000138069,RAB1A
ENSG00000169228,RAB24
ENSG00000041353,RAB27B
ENSG00000105649,RAB3A
ENSG00000141542,RAB40B
ENSG00000111540,RAB5B
ENSG00000154917,RAB6B
ENSG00000222014,RAB6C
ENSG00000166128,RAB8B
ENSG00000079974,RABL2B
ENSG00000006451,RALA
ENSG00000204764,RANBP17
ENSG00000100401,RANGAP1
ENSG00000133321,RARRES3
ENSG00000100302,RASD2
ENSG00000198915,RASGEF1A
ENSG00000172575,RASGRP1
ENSG00000101265,RASSF2
ENSG00000107551,RASSF4
ENSG00000183808,RBM12B
ENSG00000173933,RBM4
ENSG00000184898,RBM43
ENSG00000177483,RBM44
ENSG00000136144,RCBTB1
ENSG00000179051,RCC2
ENSG00000198771,RCSD1
ENSG00000109047,RCVRN
ENSG00000121039,RDH10
ENSG00000068615,REEP1
ENSG00000181826,RELL1
ENSG00000139890,REM2
ENSG00000165731,RET
ENSG00000135002,RFK
ENSG00000169733,RFNG
ENSG00000181827,RFX7
ENSG00000242732,RGAG4
ENSG00000183054,RGPD6
ENSG00000090104,RGS1
ENSG00000138835,RGS3
ENSG00000182732,RGS6
ENSG00000005486,RHBDD2
ENSG00000072422,RHOBTB1
ENSG00000119729,RHOQ
ENSG00000166405,RIC3
ENSG00000176406,RIMS2
ENSG00000132669,RIN2
ENSG00000187994,RINL
ENSG00000169385,RNASE2
ENSG00000137522,RNF121
ENSG00000133135,RNF128
ENSG00000176641,RNF152
ENSG00000163961,RNF168
ENSG00000034677,RNF19A
ENSG00000099999,RNF215
ENSG00000189050,RNFT1
ENSG00000023191,RNH1
ENSG00000176393,RNPEP
ENSG00000185483,ROR1
ENSG00000173366,RP11-330H6.5
ENSG00000228144,RP11-745O10.4
ENSG00000198242,RPL23A
ENSG00000182899,RPL35A
ENSG00000177600,RPLP2
ENSG00000177519,RPRM
ENSG00000117676,RPS6KA1
ENSG00000198208,RPS6KL1
ENSG00000048649,RSF1
ENSG00000100220,RTCB
ENSG00000258366,RTEL1
ENSG00000139970,RTN1
ENSG00000040608,RTN4R
ENSG00000185924,RTN4RL1
ENSG00000204130,RUFY2
ENSG00000198853,RUSC2
ENSG00000197747,S100A10
ENSG00000163191,S100A11
ENSG00000189171,S100A13
ENSG00000188643,S100A16
ENSG00000197956,S100A6
ENSG00000163220,S100A9
ENSG00000163993,S100P
ENSG00000171643,S100Z
ENSG00000101115,SALL4
ENSG00000177570,SAMD12
ENSG00000205413,SAMD9
ENSG00000100347,SAMM50
ENSG00000111961,SASH1
ENSG00000164764,SBSPON
ENSG00000198794,SCAMP5
ENSG00000171222,SCAND1
ENSG00000168077,SCARA3
ENSG00000145284,SCD5
ENSG00000151967,SCHIP1
ENSG00000132330,SCLY
ENSG00000162512,SDC3
ENSG00000078808,SDF4
ENSG00000138674,SEC31A
ENSG00000058262,SEC61A1
ENSG00000075213,SEMA3A
ENSG00000092421,SEMA6A
ENSG00000112701,SENP6
ENSG00000164300,SERINC5
ENSG00000197249,SERPINA1
ENSG00000277405,SERPINA6
ENSG00000132386,SERPINF1
ENSG00000149212,SESN3
ENSG00000198818,SFT2D1
ENSG00000230072,SFTA2
ENSG00000144040,SFXN5
ENSG00000163069,SGCB
ENSG00000101049,SGK2
ENSG00000275342,SGK223
ENSG00000183918,SH2D1A
ENSG00000185437,SH3BGR
ENSG00000087266,SH3BP2
ENSG00000131370,SH3BP5
ENSG00000125089,SH3TC1
ENSG00000129214,SHBG
ENSG00000160691,SHC1
ENSG00000185634,SHC4
ENSG00000138606,SHF
ENSG00000138771,SHROOM3
ENSG00000196470,SIAH1
ENSG00000072858,SIDT1
ENSG00000116991,SIPA1L2
ENSG00000068903,SIRT2
ENSG00000184990,SIVA1
ENSG00000126778,SIX1
ENSG00000101082,SLA2
ENSG00000162739,SLAMF6
ENSG00000140199,SLC12A6
ENSG00000276482,SLC12A7
ENSG00000164707,SLC13A4
ENSG00000112394,SLC16A10
ENSG00000168679,SLC16A4
ENSG00000117479,SLC19A2
ENSG00000110436,SLC1A2
ENSG00000148339,SLC25A25
ENSG00000162461,SLC25A34
ENSG00000155850,SLC26A2
ENSG00000198246,SLC29A3
ENSG00000151229,SLC2A13
ENSG00000163581,SLC2A2
ENSG00000136856,SLC2A8
ENSG00000115194,SLC30A3
ENSG00000169359,SLC33A1
ENSG00000175782,SLC35E3
ENSG00000168917,SLC35G2
ENSG00000123643,SLC36A1
ENSG00000134955,SLC37A2
ENSG00000143036,SLC44A3
ENSG00000198743,SLC5A3
ENSG00000103064,SLC7A6
ENSG00000092068,SLC7A8
ENSG00000115616,SLC9A2
ENSG00000145147,SLIT2
ENSG00000101665,SMAD7
ENSG00000198732,SMOC1
ENSG00000088826,SMOX
ENSG00000183963,SMTN
ENSG00000019549,SNAI2
ENSG00000132639,SNAP25
ENSG00000143740,SNAP47
ENSG00000064692,SNCAIP
ENSG00000168566,SNRNP48
ENSG00000260873,SNTB2
ENSG00000142168,SOD1
ENSG00000149639,SOGA1
ENSG00000095637,SORBS1
ENSG00000154556,SORBS2
ENSG00000137642,SORL1
ENSG00000125398,SOX9
ENSG00000189120,SP6
ENSG00000061656,SPAG4
ENSG00000042317,SPATA7
ENSG00000122711,SPINK4
ENSG00000184148,SPRR4
ENSG00000070182,SPTB
ENSG00000196542,SPTSSB
ENSG00000196220,SRGAP3
ENSG00000102359,SRPX2
ENSG00000100650,SRSF5
ENSG00000263465,SRSF8
ENSG00000141380,SS18
ENSG00000157216,SSBP3
ENSG00000110080,ST3GAL4
ENSG00000115525,ST3GAL5
ENSG00000177511,ST8SIA3
ENSG00000118007,STAG1
ENSG00000214530,STARD10
ENSG00000138378,STAT4
ENSG00000157214,STEAP2
ENSG00000115661,STK16
ENSG00000198870,STKLD1
ENSG00000140022,STON2
ENSG00000173320,STOX2
ENSG00000001460,STPG1
ENSG00000266173,STRADA
ENSG00000124222,STX16
ENSG00000162236,STX5
ENSG00000168952,STXBP6
ENSG00000113387,SUB1
ENSG00000172340,SUCLG2
ENSG00000144455,SUMF1
ENSG00000197321,SVIL
ENSG00000147642,SYBU
ENSG00000054654,SYNE2
ENSG00000176438,SYNE3
ENSG00000078269,SYNJ2
ENSG00000171992,SYNPO
ENSG00000149043,SYT8
ENSG00000170743,SYT9
ENSG00000147041,SYTL5
ENSG00000100324,TAB1
ENSG00000138162,TACC2
ENSG00000165632,TAF3
ENSG00000183597,TANGO2
ENSG00000139546,TARBP2
ENSG00000173662,TAS1R1
ENSG00000257138,TAS2R38
ENSG00000156787,TBC1D31
ENSG00000204634,TBC1D8
ENSG00000109436,TBC1D9
ENSG00000154114,TBCEL
ENSG00000143178,TBX19
ENSG00000121068,TBX2
ENSG00000135111,TBX3
ENSG00000006638,TBXA2R
ENSG00000206181,TCEB3B
ENSG00000176769,TCERG1L
ENSG00000166046,TCP11L2
ENSG00000196663,TECPR2
ENSG00000149256,TENM4
ENSG00000121101,TEX14
ENSG00000115112,TFCP2L1
ENSG00000092969,TGFB2
ENSG00000106799,TGFBR1
ENSG00000069702,TGFBR3
ENSG00000198959,TGM2
ENSG00000130775,THEMIS2
ENSG00000051596,THOC3
ENSG00000146426,TIAM2
ENSG00000100234,TIMP3
ENSG00000142910,TINAGL1
ENSG00000092330,TINF2
ENSG00000137221,TJAP1
ENSG00000119139,TJP2
ENSG00000106829,TLE4
ENSG00000174123,TLR10
ENSG00000137462,TLR2
ENSG00000136869,TLR4
ENSG00000187554,TLR5
ENSG00000101916,TLR8
ENSG00000115297,TLX2
ENSG00000149809,TM7SF2
ENSG00000165091,TMC1
ENSG00000162542,TMCO4
ENSG00000144339,TMEFF2
ENSG00000091947,TMEM101
ENSG00000106460,TMEM106B
ENSG00000139173,TMEM117
ENSG00000172663,TMEM134
ENSG00000164124,TMEM144
ENSG00000184584,TMEM173
ENSG00000163444,TMEM183A
ENSG00000164168,TMEM184C
ENSG00000135048,TMEM2
ENSG00000131634,TMEM204
ENSG00000172738,TMEM217
ENSG00000089063,TMEM230
ENSG00000196187,TMEM63A
ENSG00000164983,TMEM65
ENSG00000136842,TMOD1
ENSG00000128872,TMOD2
ENSG00000137648,TMPRSS4
ENSG00000133687,TMTC1
ENSG00000118503,TNFAIP3
ENSG00000185361,TNFAIP8L1
ENSG00000164761,TNFRSF11B
ENSG00000273936,TNFRSF14
ENSG00000248871,TNFSF12-TNFSF13
ENSG00000181634,TNFSF15
ENSG00000117586,TNFSF4
ENSG00000125657,TNFSF9
ENSG00000114854,TNNC1
ENSG00000078687,TNRC6C
ENSG00000141232,TOB1
ENSG00000198846,TOX
ENSG00000120471,TP53AIP1
ENSG00000167543,TP53I13
ENSG00000078804,TP53INP2
ENSG00000196511,TPK1
ENSG00000277603,TPO
ENSG00000115993,TRAK2
ENSG00000173334,TRIB1
ENSG00000137699,TRIM29
ENSG00000147573,TRIM55
ENSG00000146054,TRIM7
ENSG00000165832,TRUB1
ENSG00000157570,TSPAN18
ENSG00000158457,TSPAN33
ENSG00000000003,TSPAN6
ENSG00000011105,TSPAN9
ENSG00000187189,TSPYL4
ENSG00000206203,TSSK2
ENSG00000011295,TTC19
ENSG00000137473,TTC29
ENSG00000168234,TTC39C
ENSG00000141540,TTYH2
ENSG00000136295,TTYH3
ENSG00000198680,TUSC1
ENSG00000164440,TXLNB
ENSG00000100348,TXN2
ENSG00000107165,TYRP1
ENSG00000156521,TYSND1
ENSG00000165886,UBTD1
ENSG00000173960,UBXN2A
ENSG00000145040,UCN2
ENSG00000120686,UFM1
ENSG00000176125,UFSP1
ENSG00000167165,UGT1A6
ENSG00000177169,ULK1
ENSG00000177398,UMODL1
ENSG00000198722,UNC13B
ENSG00000113763,UNC5A
ENSG00000132478,UNK
ENSG00000036672,USP2
ENSG00000129204,USP6
ENSG00000111962,UST
ENSG00000220205,VAMP2
ENSG00000274334,VASN
ENSG00000151650,VENTX
ENSG00000128564,VGF
ENSG00000114812,VIPR1
ENSG00000154978,VOPP1
ENSG00000167987,VPS37C
ENSG00000136631,VPS45
ENSG00000101842,VSIG1
ENSG00000165171,WBSCR27
ENSG00000082068,WDR70
ENSG00000276021,WDR81
ENSG00000161996,WDR90
ENSG00000175121,WFDC5
ENSG00000070540,WIPI1
ENSG00000104415,WISP1
ENSG00000188064,WNT7B
ENSG00000143816,WNT9A
ENSG00000116213,WRAP73
ENSG00000075035,WSCD2
ENSG00000123124,WWP1
ENSG00000158125,XDH
ENSG00000124343,XG
ENSG00000103489,XYLT1
ENSG00000137693,YAP1
ENSG00000175155,YPEL2
ENSG00000115085,ZAP70
ENSG00000169064,ZBBX
ENSG00000179627,ZBTB42
ENSG00000160685,ZBTB7B
ENSG00000273274,ZBTB8B
ENSG00000149289,ZC3H12C
ENSG00000188177,ZC3H6
ENSG00000100403,ZC3H7B
ENSG00000146858,ZC3HAV1L
ENSG00000134744,ZCCHC11
ENSG00000165424,ZCCHC24
ENSG00000159714,ZDHHC1
ENSG00000188706,ZDHHC9
ENSG00000128016,ZFP36
ENSG00000185650,ZFP36L1
ENSG00000181007,ZFP82
ENSG00000179588,ZFPM1
ENSG00000100319,ZMAT5
ENSG00000101040,ZMYND8
ENSG00000171940,ZNF217
ENSG00000170684,ZNF296
ENSG00000166188,ZNF319
ENSG00000196693,ZNF33B
ENSG00000188283,ZNF383
ENSG00000144331,ZNF385B
ENSG00000204947,ZNF425
ENSG00000197647,ZNF433
ENSG00000125945,ZNF436
ENSG00000249087,ZNF436-AS1
ENSG00000186300,ZNF555
ENSG00000249709,ZNF564
ENSG00000171574,ZNF584
ENSG00000196967,ZNF585A
ENSG00000172748,ZNF596
ENSG00000189190,ZNF600
ENSG00000213020,ZNF611
ENSG00000197343,ZNF655
ENSG00000198046,ZNF667
ENSG00000141579,ZNF750
ENSG00000196453,ZNF777
ENSG00000198556,ZNF789
ENSG00000224689,ZNF812P
ENSG00000174276,ZNHIT2
ENSG00000188372,ZP3
ENSG00000235109,ZSCAN31
ENSG00000162378,ZYG11B
ENSG00000172292,CERS6
ENSG00000100867,DHRS2
ENSG00000114166,KAT2B
ENSG00000198625,MDM4
ENSG00000076242,MLH1
ENSG00000198964,SGMS1
ENSG00000122779,TRIM24
ENSG00000043591,ADRB1
ENSG00000172493,AFF1
ENSG00000139223,ANP32D
ENSG00000169604,ANTXR1
ENSG00000081014,AP4E1
ENSG00000071205,ARHGAP10
ENSG00000163466,ARPC2
ENSG00000214435,AS3MT
ENSG00000156802,ATAD2
ENSG00000119778,ATAD2B
ENSG00000145246,ATP10D
ENSG00000081923,ATP8B1
ENSG00000087152,ATXN7L3
ENSG00000006453,BAIAP2L1
ENSG00000138756,BMP2K
ENSG00000176171,BNIP3
ENSG00000153956,CACNA2D1
ENSG00000178372,CALML5
ENSG00000169607,CKAP2L
ENSG00000120054,CPN1
ENSG00000115827,DCAF17
ENSG00000172992,DCAKD
ENSG00000172795,DCP2
ENSG00000153904,DDAH1
ENSG00000102780,DGKH
ENSG00000102796,DHRS12
ENSG00000126698,DNAJC8
ENSG00000115380,EFEMP1
ENSG00000128829,EIF2AK4
ENSG00000149218,ENDOD1
ENSG00000163378,EOGT
ENSG00000106462,EZH2
ENSG00000136830,FAM129B
ENSG00000114023,FAM162A
ENSG00000147364,FBXO25
ENSG00000157827,FMNL2
ENSG00000173905,GOLIM4
ENSG00000155324,GRAMD3
ENSG00000130656,HBZ
ENSG00000198265,HELZ
ENSG00000198130,HIBCH
ENSG00000146151,HMGCLL1
ENSG00000115738,ID2
ENSG00000163565,IFI16
ENSG00000140443,IGF1R
ENSG00000056736,IL17RB
ENSG00000196083,IL1RAP
ENSG00000109452,INPP4B
ENSG00000204084,INPP5B
ENSG00000119537,KDSR
ENSG00000172086,KRCC1
ENSG00000205213,LGR4
ENSG00000163898,LIPH
ENSG00000136153,LMO7
ENSG00000113441,LNPEP
ENSG00000171517,LPAR3
ENSG00000133315,MACROD1
ENSG00000078018,MAP2
ENSG00000185386,MAPK11
ENSG00000139793,MBNL2
ENSG00000231135,MDC1
ENSG00000149573,MPZL2
ENSG00000172172,MRPL13
ENSG00000145555,MYO10
ENSG00000128641,MYO1B
ENSG00000197535,MYO5A
ENSG00000138386,NAB1
ENSG00000144426,NBEAL1
ENSG00000141027,NCOR1
ENSG00000162599,NFIA
ENSG00000169599,NFU1
ENSG00000165671,NSD1
ENSG00000178425,NT5DC1
ENSG00000074527,NTN4
ENSG00000089127,OAS1
ENSG00000115947,ORC4
ENSG00000116885,OSCP1
ENSG00000164830,OXR1
ENSG00000165912,PACSIN3
ENSG00000145431,PDGFC
ENSG00000163110,PDLIM5
ENSG00000168734,PKIG
ENSG00000182621,PLCB1
ENSG00000198729,PPP1R14C
ENSG00000106617,PRKAG2
ENSG00000027075,PRKCH
ENSG00000073756,PTGS2
ENSG00000070159,PTPN3
ENSG00000103490,PYCARD
ENSG00000152061,RABGAP1L
ENSG00000102760,RGCC
ENSG00000069667,RORA
ENSG00000071242,RPS6KA2
ENSG00000100003,SEC14L2
ENSG00000183431,SF3A3
ENSG00000146411,SLC2A12
ENSG00000132122,SPATA6
ENSG00000128487,SPECC1
ENSG00000164211,STARD4
ENSG00000115183,TANC1
ENSG00000137801,THBS1
ENSG00000163931,TKT
ENSG00000146802,TMEM168
ENSG00000112697,TMEM30A
ENSG00000151715,TMEM45B
ENSG00000180694,TMEM64
ENSG00000169902,TPST1
ENSG00000108219,TSPAN14
ENSG00000150991,UBC
ENSG00000144357,UBR3
ENSG00000102763,VWA8
ENSG00000163811,WDR43
ENSG00000091157,WDR7
ENSG00000175893,ZDHHC21
ENSG00000156639,ZFAND3
ENSG00000074657,ZNF532
ENSG00000085563,ABCB1
ENSG00000156110,ADK
ENSG00000183287,CCBE1
ENSG00000163006,CCDC138
ENSG00000160124,CCDC58
ENSG00000119397,CNTRL
ENSG00000135678,CPM
ENSG00000118523,CTGF
ENSG00000213047,DENND1B
ENSG00000174839,DENND6A
ENSG00000133106,EPSTI1
ENSG00000083857,FAT1
ENSG00000197858,GPAA1
ENSG00000278677,HIST1H2AM
ENSG00000196872,KIAA1211L
ENSG00000168675,LDLRAD4
ENSG00000172167,MTBP
ENSG00000144824,PHLDB2
ENSG00000145675,PIK3R1
ENSG00000077157,PPP1R12B
ENSG00000139174,PRICKLE1
ENSG00000136237,RAPGEF5
ENSG00000198301,SDAD1
ENSG00000079215,SLC1A3
ENSG00000196935,SRGAP1
ENSG00000073282,TP63
ENSG00000083290,ULK2
ENSG00000163032,VSNL1
ENSG00000115977,AAK1
ENSG00000008311,AASS
ENSG00000136379,ABHD17C
ENSG00000140526,ABHD2
ENSG00000099204,ABLIM1
ENSG00000177646,ACAD9
ENSG00000117054,ACADM
ENSG00000129048,ACKR4
ENSG00000123983,ACSL3
ENSG00000075624,ACTB
ENSG00000184009,ACTG1
ENSG00000189007,ADAT2
ENSG00000138031,ADCY3
ENSG00000112414,ADGRG6
ENSG00000117114,ADGRL2
ENSG00000150471,ADGRL3
ENSG00000101544,ADNP2
ENSG00000100077,ADRBK2
ENSG00000239900,ADSL
ENSG00000104964,AES
ENSG00000081051,AFP
ENSG00000204172,AGAP9
ENSG00000026652,AGPAT4
ENSG00000018510,AGPS
ENSG00000153207,AHCTF1
ENSG00000146416,AIG1
ENSG00000155085,AK9
ENSG00000170776,AKAP13
ENSG00000159063,ALG8
ENSG00000073331,ALPK1
ENSG00000089053,ANAPC5
ENSG00000132623,ANKEF1
ENSG00000106524,ANKMY2
ENSG00000088448,ANKRD10
ENSG00000167522,ANKRD11
ENSG00000163046,ANKRD30BL
ENSG00000177119,ANO6
ENSG00000140350,ANP32A
ENSG00000152056,AP1S3
ENSG00000006125,AP2B1
ENSG00000132842,AP3B1
ENSG00000100823,APEX1
ENSG00000169083,AR
ENSG00000145819,ARHGAP26
ENSG00000160007,ARHGAP35
ENSG00000274726,ARHGEF10
ENSG00000196914,ARHGEF12
ENSG00000054267,ARID4B
ENSG00000177479,ARIH2
ENSG00000138175,ARL3
ENSG00000122644,ARL4A
ENSG00000188042,ARL4C
ENSG00000170540,ARL6IP1
ENSG00000183876,ARSI
ENSG00000180801,ARSJ
ENSG00000164291,ARSK
ENSG00000173409,ARV1
ENSG00000153317,ASAP1
ENSG00000151693,ASAP2
ENSG00000116539,ASH1L
ENSG00000129691,ASH2L
ENSG00000118217,ATF6
ENSG00000170653,ATF7
ENSG00000197548,ATG7
ENSG00000149311,ATM
ENSG00000058063,ATP11B
ENSG00000143153,ATP1B1
ENSG00000069849,ATP1B3
ENSG00000135390,ATP5G2
ENSG00000241468,ATP5J2
ENSG00000249222,ATP5L2
ENSG00000175054,ATR
ENSG00000085224,ATRX
ENSG00000112182,BACH2
ENSG00000163930,BAP1
ENSG00000198604,BAZ1A
ENSG00000123636,BAZ2B
ENSG00000114439,BBX
ENSG00000075790,BCAP29
ENSG00000137936,BCAR3
ENSG00000141376,BCAS3
ENSG00000119866,BCL11A
ENSG00000171791,BCL2
ENSG00000140379,BCL2A1
ENSG00000029363,BCLAF1
ENSG00000273873,BDP1
ENSG00000089685,BIRC5
ENSG00000107779,BMPR1A
ENSG00000261236,BOP1
ENSG00000139618,BRCA2
ENSG00000028310,BRD9
ENSG00000158019,BRE
ENSG00000183826,BTBD9
ENSG00000186470,BTN3A2
ENSG00000177627,C12orf54
ENSG00000204954,C12orf73
ENSG00000186073,C15orf41
ENSG00000125319,C17orf53
ENSG00000108561,C1QBP
ENSG00000171984,C20orf196
ENSG00000168014,C2CD3
ENSG00000163026,C2orf44
ENSG00000162972,C2orf47
ENSG00000174928,C3orf33
ENSG00000151881,C5orf28
ENSG00000181751,C5orf30
ENSG00000161010,C5orf45
ENSG00000204661,C5orf60
ENSG00000189376,C8orf76
ENSG00000135932,CAB39
ENSG00000183166,CALN1
ENSG00000143919,CAMKMT
ENSG00000130559,CAMSAP1
ENSG00000118200,CAMSAP2
ENSG00000110395,CBL
ENSG00000171097,CCBL1
ENSG00000103021,CCDC113
ENSG00000154874,CCDC144B
ENSG00000205212,CCDC144NL
ENSG00000149548,CCDC15
ENSG00000198865,CCDC152
ENSG00000122483,CCDC18
ENSG00000147419,CCDC25
ENSG00000162004,CCDC78
ENSG00000115355,CCDC88A
ENSG00000105321,CCDC9
ENSG00000136280,CCM2
ENSG00000100814,CCNB1IP1
ENSG00000157456,CCNB2
ENSG00000107771,CCSER2
ENSG00000146731,CCT6A
ENSG00000198087,CD2AP
ENSG00000116815,CD58
ENSG00000079335,CDC14A
ENSG00000117399,CDC20
ENSG00000004897,CDC27
ENSG00000070831,CDC42
ENSG00000198752,CDC42BPB
ENSG00000158985,CDC42SE2
ENSG00000170779,CDCA4
ENSG00000140937,CDH11
ENSG00000185324,CDK10
ENSG00000065883,CDK13
ENSG00000059758,CDK17
ENSG00000136861,CDK5RAP2
ENSG00000105810,CDK6
ENSG00000138769,CDKL2
ENSG00000147889,CDKN2A
ENSG00000153046,CDYL
ENSG00000007129,CEACAM21
ENSG00000205923,CEMP1
ENSG00000188312,CENPP
ENSG00000143702,CEP170
ENSG00000174007,CEP19
ENSG00000198707,CEP290
ENSG00000135837,CEP350
ENSG00000106477,CEP41
ENSG00000183137,CEP57L1
ENSG00000182923,CEP63
ENSG00000148019,CEP78
ENSG00000173588,CEP83
ENSG00000130695,CEP85
ENSG00000182504,CEP97
ENSG00000153774,CFDP1
ENSG00000143375,CGN
ENSG00000143942,CHAC2
ENSG00000153922,CHD1
ENSG00000124177,CHD6
ENSG00000149554,CHEK1
ENSG00000109220,CHIC2
ENSG00000104472,CHRAC1
ENSG00000169684,CHRNA5
ENSG00000136213,CHST12
ENSG00000131873,CHSY1
ENSG00000136425,CIB2
ENSG00000122966,CIT
ENSG00000175216,CKAP5
ENSG00000123975,CKS2
ENSG00000074054,CLASP1
ENSG00000163539,CLASP2
ENSG00000130779,CLIP1
ENSG00000165959,CLMN
ENSG00000184220,CMSS1
ENSG00000125107,CNOT1
ENSG00000158435,CNOT11
ENSG00000138767,CNOT6L
ENSG00000278728,CNTNAP2
ENSG00000162377,COA7
ENSG00000135775,COG2
ENSG00000164597,COG5
ENSG00000204262,COL5A2
ENSG00000173163,COMMD1
ENSG00000141030,COPS3
ENSG00000198612,COPS8
ENSG00000103187,COTL1
ENSG00000213578,CPLX3
ENSG00000165934,CPSF2
ENSG00000127054,CPSF3L
ENSG00000106066,CPVL
ENSG00000182158,CREB3L2
ENSG00000146592,CREB5
ENSG00000121005,CRISPLD1
ENSG00000072832,CRMP1
ENSG00000116791,CRYZ
ENSG00000182578,CSF1R
ENSG00000113712,CSNK1A1
ENSG00000149474,CSRP2BP
ENSG00000101138,CSTF1
ENSG00000102974,CTCF
ENSG00000144677,CTDSPL
ENSG00000044115,CTNNA1
ENSG00000168036,CTNNB1
ENSG00000109861,CTSC
ENSG00000055130,CUL1
ENSG00000036257,CUL3
ENSG00000119929,CUTC
ENSG00000257923,CUX1
ENSG00000153015,CWC27
ENSG00000173681,CXorf23
ENSG00000182224,CYB5D1
ENSG00000071967,CYBRD1
ENSG00000273749,CYFIP1
ENSG00000186104,CYP2R1
ENSG00000100592,DAAM1
ENSG00000153071,DAB2
ENSG00000129562,DAD1
ENSG00000143164,DCAF6
ENSG00000110063,DCPS
ENSG00000043093,DCUN1D1
ENSG00000109184,DCUN1D4
ENSG00000079785,DDX1
ENSG00000064703,DDX20
ENSG00000125485,DDX31
ENSG00000108654,DDX5
ENSG00000136271,DDX56
ENSG00000023892,DEF6
ENSG00000174485,DENND4A
ENSG00000160049,DFFA
ENSG00000172893,DHCR7
ENSG00000167536,DHRS13
ENSG00000169084,DHRSX
ENSG00000005100,DHX33
ENSG00000131504,DIAPH1
ENSG00000117597,DIEXF
ENSG00000050165,DKK3
ENSG00000104371,DKK4
ENSG00000164741,DLC1
ENSG00000116652,DLEU2L
ENSG00000075711,DLG1
ENSG00000100206,DMC1
ENSG00000172869,DMXL1
ENSG00000185842,DNAH14
ENSG00000132002,DNAJB1
ENSG00000136770,DNAJC1
ENSG00000138246,DNAJC13
ENSG00000105821,DNAJC2
ENSG00000087470,DNM1L
ENSG00000067334,DNTTIP2
ENSG00000150760,DOCK1
ENSG00000147459,DOCK5
ENSG00000116641,DOCK7
ENSG00000088387,DOCK9
ENSG00000177990,DPY19L2
ENSG00000162961,DPY30
ENSG00000113360,DROSHA
ENSG00000151914,DST
ENSG00000167264,DUS2
ENSG00000128951,DUT
ENSG00000077380,DYNC1I2
ENSG00000088986,DYNLL1
ENSG00000264364,DYNLL2
ENSG00000133740,E2F5
ENSG00000114346,ECT2
ENSG00000034239,EFCAB1
ENSG00000125266,EFNB2
ENSG00000115504,EHBP1
ENSG00000255302,EID1
ENSG00000172071,EIF2AK3
ENSG00000119718,EIF2B2
ENSG00000070785,EIF2B3
ENSG00000115211,EIF2B4
ENSG00000134001,EIF2S1
ENSG00000106263,EIF3B
ENSG00000084623,EIF3I
ENSG00000151247,EIF4E
ENSG00000075151,EIF4G3
ENSG00000006744,ELAC2
ENSG00000158711,ELK4
ENSG00000156030,ELMSAN1
ENSG00000012660,ELOVL5
ENSG00000109911,ELP4
ENSG00000170571,EMB
ENSG00000154920,EME1
ENSG00000154380,ENAH
ENSG00000135999,EPC2
ENSG00000119888,EPCAM
ENSG00000133216,EPHB2
ENSG00000085832,EPS15
ENSG00000164308,ERAP2
ENSG00000178568,ERBB4
ENSG00000082805,ERC1
ENSG00000177459,ERICH5
ENSG00000099219,ERMP1
ENSG00000089048,ESF1
ENSG00000104413,ESRP1
ENSG00000090989,EXOC1
ENSG00000182473,EXOC7
ENSG00000157036,EXOG
ENSG00000110723,EXPH5
ENSG00000134824,FADS2
ENSG00000166801,FAM111A
ENSG00000197798,FAM118B
ENSG00000156504,FAM122B
ENSG00000113391,FAM172A
ENSG00000219438,FAM19A5
ENSG00000116199,FAM20B
ENSG00000122376,FAM35A
ENSG00000167695,FAM57A
ENSG00000168143,FAM83B
ENSG00000145982,FARS2
ENSG00000105202,FBL
ENSG00000214050,FBXO16
ENSG00000153832,FBXO36
ENSG00000168496,FEN1
ENSG00000139132,FGD4
ENSG00000102466,FGF14
ENSG00000125848,FLRT3
ENSG00000052795,FNIP2
ENSG00000198815,FOXJ3
ENSG00000053254,FOXN3
ENSG00000075539,FRYL
ENSG00000089280,FUS
ENSG00000165060,FXN
ENSG00000157240,FZD1
ENSG00000180340,FZD2
ENSG00000138757,G3BP2
ENSG00000156958,GALK2
ENSG00000109586,GALNT7
ENSG00000117228,GBP1
ENSG00000001084,GCLC
ENSG00000057608,GDI2
ENSG00000179409,GEMIN4
ENSG00000162676,GFI1
ENSG00000164347,GFM2
ENSG00000198380,GFPT1
ENSG00000055211,GINM1
ENSG00000138604,GLCE
ENSG00000090863,GLG1
ENSG00000106571,GLI3
ENSG00000108010,GLRX3
ENSG00000115419,GLS
ENSG00000105373,GLTSCR2
ENSG00000087338,GMCL1
ENSG00000112699,GMDS
ENSG00000163655,GMPS
ENSG00000120063,GNA13
ENSG00000065135,GNAI3
ENSG00000078369,GNB1
ENSG00000159921,GNE
ENSG00000143457,GOLPH3L
ENSG00000186566,GPATCH8
ENSG00000147257,GPC3
ENSG00000115159,GPD2
ENSG00000198522,GPN1
ENSG00000142751,GPN2
ENSG00000180998,GPR137C
ENSG00000152749,GPR180
ENSG00000117262,GPR89A
ENSG00000178075,GRAMD1C
ENSG00000155974,GRIP1
ENSG00000104687,GSR
ENSG00000138780,GSTCD
ENSG00000197265,GTF2E2
ENSG00000188342,GTF2F2
ENSG00000263001,GTF2I
ENSG00000174428,GTF2IRD2B
ENSG00000107937,GTPBP4
ENSG00000165905,GYLTL1B
ENSG00000113088,GZMK
ENSG00000101812,H2BFM
ENSG00000180423,HARBI1
ENSG00000170445,HARS
ENSG00000092036,HAUS4
ENSG00000108840,HDAC5
ENSG00000048052,HDAC9
ENSG00000181061,HIGD1A
ENSG00000278463,HIST1H2AB
ENSG00000277075,HIST1H2AE
ENSG00000196787,HIST1H2AG
ENSG00000274750,HIST1H3E
ENSG00000158406,HIST1H4H
ENSG00000184260,HIST2H2AC
ENSG00000183598,HIST2H3D
ENSG00000095951,HIVEP1
ENSG00000010818,HIVEP2
ENSG00000189403,HMGB1
ENSG00000101076,HNF4A
ENSG00000139675,HNRNPA1L2
ENSG00000197451,HNRNPAB
ENSG00000152795,HNRNPDL
ENSG00000099783,HNRNPM
ENSG00000152413,HOMER1
ENSG00000103942,HOMER2
ENSG00000168172,HOOK3
ENSG00000173083,HPSE
ENSG00000122254,HS3ST2
ENSG00000096384,HSP90AB1
ENSG00000237724,HSPA1A
ENSG00000234258,HSPA1L
ENSG00000170606,HSPA4
ENSG00000109971,HSPA8
ENSG00000270757,HSPE1-MOB4
ENSG00000196305,IARS
ENSG00000128915,ICE2
ENSG00000159110,IFNAR2
ENSG00000070061,IKBKAP
ENSG00000030419,IKZF2
ENSG00000095752,IL11
ENSG00000141401,IMPA2
ENSG00000132849,INADL
ENSG00000149503,INCENP
ENSG00000168395,ING5
ENSG00000125629,INSIG2
ENSG00000104613,INTS10
ENSG00000138785,INTS12
ENSG00000164066,INTU
ENSG00000132321,IQCA1
ENSG00000173226,IQCB1
ENSG00000146243,IRAK1BP1
ENSG00000168310,IRF2
ENSG00000240682,ISY1
ENSG00000078747,ITCH
ENSG00000115221,ITGB6
ENSG00000008083,JARID2
ENSG00000171988,JMJD1C
ENSG00000104369,JPH1
ENSG00000065427,KARS
ENSG00000186625,KATNA1
ENSG00000178695,KCTD12
ENSG00000112078,KCTD20
ENSG00000136636,KCTD3
ENSG00000100196,KDELR3
ENSG00000107077,KDM4C
ENSG00000121774,KHDRBS1
ENSG00000142687,KIAA0319L
ENSG00000121210,KIAA0922
ENSG00000138688,KIAA1109
ENSG00000163507,KIAA1524
ENSG00000134313,KIDINS220
ENSG00000137177,KIF13A
ENSG00000163808,KIF15
ENSG00000089177,KIF16B
ENSG00000068796,KIF2A
ENSG00000149571,KIRREL3
ENSG00000172059,KLF11
ENSG00000109787,KLF3
ENSG00000109466,KLHL2
ENSG00000118058,KMT2A
ENSG00000128944,KNSTRN
ENSG00000108424,KPNB1
ENSG00000129347,KRI1
ENSG00000111615,KRR1
ENSG00000186847,KRT14
ENSG00000126777,KTN1
ENSG00000198945,L3MBTL3
ENSG00000155506,LARP1
ENSG00000161813,LARP4
ENSG00000133706,LARS
ENSG00000011376,LARS2
ENSG00000002834,LASP1
ENSG00000186207,LCE5A
ENSG00000196233,LCOR
ENSG00000118961,LDAH
ENSG00000169744,LDB2
ENSG00000174106,LEMD3
ENSG00000166477,LEO1
ENSG00000131981,LGALS3
ENSG00000107902,LHPP
ENSG00000121454,LHX4
ENSG00000183814,LIN9
ENSG00000105983,LMBR1
ENSG00000168216,LMBRD1
ENSG00000196365,LONP1
ENSG00000111684,LPCAT3
ENSG00000138095,LRPPRC
ENSG00000184434,LRRC19
ENSG00000066557,LRRC40
ENSG00000124831,LRRFIP1
ENSG00000041802,LSG1
ENSG00000170860,LSM3
ENSG00000164167,LSM6
ENSG00000281289,LSS
ENSG00000007392,LUC7L
ENSG00000146963,LUC7L2
ENSG00000143669,LYST
ENSG00000127603,MACF1
ENSG00000151276,MAGI1
ENSG00000162385,MAGOH
ENSG00000111196,MAGOHB
ENSG00000172175,MALT1
ENSG00000198162,MAN1A2
ENSG00000112893,MAN2A1
ENSG00000109323,MANBA
ENSG00000131711,MAP1B
ENSG00000197442,MAP3K5
ENSG00000011566,MAP4K3
ENSG00000135525,MAP7
ENSG00000112062,MAPK14
ENSG00000050748,MAPK9
ENSG00000075413,MARK3
ENSG00000166986,MARS
ENSG00000172197,MBOAT1
ENSG00000104738,MCM4
ENSG00000100297,MCM5
ENSG00000111877,MCM9
ENSG00000147316,MCPH1
ENSG00000156026,MCU
ENSG00000082212,ME2
ENSG00000151376,ME3
ENSG00000160563,MED27
ENSG00000181038,METTL23
ENSG00000127720,METTL25
ENSG00000183496,MEX3B
ENSG00000174197,MGA
ENSG00000107745,MICU1
ENSG00000165487,MICU2
ENSG00000198160,MIER1
ENSG00000027001,MIPEP
ENSG00000078403,MLLT10
ENSG00000171843,MLLT3
ENSG00000167965,MLST8
ENSG00000168288,MMADHC
ENSG00000020426,MNAT1
ENSG00000114978,MOB1A
ENSG00000172081,MOB3A
ENSG00000120162,MOB3B
ENSG00000155363,MOV10
ENSG00000107186,MPDZ
ENSG00000051825,MPHOSPH9
ENSG00000150054,MPP7
ENSG00000169288,MRPL1
ENSG00000143314,MRPL24
ENSG00000175581,MRPL48
ENSG00000048544,MRPS10
ENSG00000116898,MRPS15
ENSG00000182180,MRPS16
ENSG00000239789,MRPS17
ENSG00000113048,MRPS27
ENSG00000148187,MRRF
ENSG00000113318,MSH3
ENSG00000116062,MSH6
ENSG00000169715,MT1E
ENSG00000205358,MT1H
ENSG00000087250,MT3
ENSG00000182979,MTA1
ENSG00000057935,MTA3
ENSG00000147649,MTDH
ENSG00000242114,MTFP1
ENSG00000085760,MTIF2
ENSG00000139505,MTMR6
ENSG00000160953,MUM1
ENSG00000136997,MYC
ENSG00000214114,MYCBP
ENSG00000133026,MYH10
ENSG00000100345,MYH9
ENSG00000085274,MYNN
ENSG00000066933,MYO9A
ENSG00000122180,MYOG
ENSG00000078177,N4BP2
ENSG00000244754,N4BP2L2
ENSG00000173418,NAA20
ENSG00000183011,NAA38
ENSG00000121579,NAA50
ENSG00000111704,NANOG
ENSG00000132780,NASP
ENSG00000104320,NBN
ENSG00000146918,NCAPG2
ENSG00000071051,NCK2
ENSG00000061676,NCKAP1
ENSG00000115053,NCL
ENSG00000140396,NCOA2
ENSG00000124160,NCOA5
ENSG00000198646,NCOA6
ENSG00000080986,NDC80
ENSG00000072864,NDE1
ENSG00000101079,NDRG3
ENSG00000128609,NDUFA5
ENSG00000164182,NDUFAF2
ENSG00000178057,NDUFAF3
ENSG00000101247,NDUFAF5
ENSG00000049759,NEDD4L
ENSG00000117650,NEK2
ENSG00000166881,NEMP1
ENSG00000067141,NEO1
ENSG00000173848,NET1
ENSG00000196712,NF1
ENSG00000072736,NFATC3
ENSG00000008441,NFIX
ENSG00000104361,NIPAL2
ENSG00000164190,NIPBL
ENSG00000169760,NLGN1
ENSG00000123213,NLN
ENSG00000239672,NME1
ENSG00000141101,NOB1
ENSG00000140939,NOL3
ENSG00000165271,NOL6
ENSG00000087269,NOP14
ENSG00000048162,NOP16
ENSG00000164867,NOS3
ENSG00000086991,NOX4
ENSG00000181019,NQO1
ENSG00000157168,NRG1
ENSG00000164346,NSA2
ENSG00000111696,NT5DC3
ENSG00000182667,NTM
ENSG00000106268,NUDT1
ENSG00000166321,NUDT13
ENSG00000136159,NUDT15
ENSG00000170502,NUDT9
ENSG00000083635,NUFIP1
ENSG00000138750,NUP54
ENSG00000108559,NUP88
ENSG00000102900,NUP93
ENSG00000143748,NVL
ENSG00000124596,OARD1
ENSG00000109180,OCIAD1
ENSG00000115758,ODC1
ENSG00000138430,OLA1
ENSG00000185585,OLFML2A
ENSG00000198836,OPA1
ENSG00000079482,OPHN1
ENSG00000054277,OPN3
ENSG00000127515,OR7A10
ENSG00000110048,OSBP
ENSG00000141447,OSBPL1A
ENSG00000079156,OSBPL6
ENSG00000164823,OSGIN2
ENSG00000264522,OTUD7B
ENSG00000083720,OXCT1
ENSG00000172939,OXSR1
ENSG00000175575,PAAF1
ENSG00000180370,PAK2
ENSG00000175193,PARL
ENSG00000102699,PARP4
ENSG00000138496,PARP9
ENSG00000197702,PARVA
ENSG00000177425,PAWR
ENSG00000167081,PBX3
ENSG00000175198,PCCA
ENSG00000160299,PCNT
ENSG00000100731,PCNX
ENSG00000135749,PCNXL2
ENSG00000115539,PDCL3
ENSG00000205268,PDE7A
ENSG00000197461,PDGFA
ENSG00000113721,PDGFRB
ENSG00000065485,PDIA5
ENSG00000160209,PDXK
ENSG00000173517,PEAK1
ENSG00000132326,PER2
ENSG00000079739,PGM1
ENSG00000164902,PHAX
ENSG00000173889,PHC3
ENSG00000130024,PHF10
ENSG00000067177,PHKA1
ENSG00000006576,PHTF2
ENSG00000078043,PIAS2
ENSG00000083535,PIBF1
ENSG00000143315,PIGM
ENSG00000011405,PIK3C2A
ENSG00000121879,PIK3CA
ENSG00000198961,PJA2
ENSG00000008710,PKD1
ENSG00000057294,PKP2
ENSG00000144283,PKP4
ENSG00000276870,PLA2G10
ENSG00000145287,PLAC8
ENSG00000180287,PLD5
ENSG00000052126,PLEKHA5
ENSG00000152952,PLOD2
ENSG00000115946,PNO1
ENSG00000164087,POC1A
ENSG00000163389,POGLUT1
ENSG00000062822,POLD1
ENSG00000256525,POLG2
ENSG00000171453,POLR1C
ENSG00000047315,POLR2B
ENSG00000186141,POLR3C
ENSG00000058600,POLR3E
ENSG00000009830,POMT2
ENSG00000143190,POU2F1
ENSG00000109819,PPARGC1A
ENSG00000155846,PPARGC1B
ENSG00000108179,PPIF
ENSG00000131013,PPIL4
ENSG00000115241,PPM1G
ENSG00000058272,PPP1R12A
ENSG00000162869,PPP1R21
ENSG00000117751,PPP1R8
ENSG00000137713,PPP2R1B
ENSG00000078304,PPP2R5C
ENSG00000154001,PPP2R5E
ENSG00000221823,PPP3R1
ENSG00000198901,PRC1
ENSG00000138738,PRDM5
ENSG00000186314,PRELID2
ENSG00000085377,PREP
ENSG00000114302,PRKAR2A
ENSG00000171132,PRKCE
ENSG00000160310,PRMT2
ENSG00000185238,PRMT3
ENSG00000007062,PROM1
ENSG00000112739,PRPF4B
ENSG00000117523,PRRC2C
ENSG00000130032,PRRG3
ENSG00000156011,PSD3
ENSG00000108344,PSMD3
ENSG00000159352,PSMD4
ENSG00000163636,PSMD6
ENSG00000068878,PSME4
ENSG00000187514,PTMA
ENSG00000110536,PTPMT1
ENSG00000179295,PTPN11
ENSG00000127947,PTPN12
ENSG00000152104,PTPN14
ENSG00000088179,PTPN4
ENSG00000111679,PTPN6
ENSG00000142949,PTPRF
ENSG00000152894,PTPRK
ENSG00000054356,PTPRN
ENSG00000106278,PTPRZ1
ENSG00000141378,PTRH2
ENSG00000164611,PTTG1
ENSG00000162927,PUS10
ENSG00000168297,PXK
ENSG00000170473,PYM1
ENSG00000151552,QDPR
ENSG00000112531,QKI
ENSG00000139998,RAB15
ENSG00000157869,RAB28
ENSG00000168461,RAB31
ENSG00000123892,RAB38
ENSG00000152942,RAD17
ENSG00000070950,RAD18
ENSG00000119318,RAD23B
ENSG00000051180,RAD51
ENSG00000182185,RAD51B
ENSG00000017797,RALBP1
ENSG00000125970,RALY
ENSG00000118849,RARRES1
ENSG00000146282,RARS2
ENSG00000185989,RASA3
ENSG00000123094,RASSF8
ENSG00000139687,RB1
ENSG00000122965,RBM19
ENSG00000106344,RBM28
ENSG00000153250,RBMS1
ENSG00000144642,RBMS3
ENSG00000147274,RBMX
ENSG00000157110,RBPMS
ENSG00000137710,RDX
ENSG00000122707,RECK
ENSG00000160957,RECQL4
ENSG00000135945,REV1
ENSG00000163918,RFC4
ENSG00000064490,RFXANK
ENSG00000169629,RGPD8
ENSG00000164292,RHOBTB3
ENSG00000126858,RHOT1
ENSG00000080345,RIF1
ENSG00000058729,RIOK2
ENSG00000115841,RMDN2
ENSG00000171865,RNASEH1
ENSG00000164197,RNF180
ENSG00000121481,RNF2
ENSG00000011275,RNF216
ENSG00000146373,RNF217
ENSG00000187147,RNF220
ENSG00000184719,RNLS
ENSG00000132383,RPA1
ENSG00000153574,RPIA
ENSG00000197756,RPL37A
ENSG00000163923,RPL39L
ENSG00000174444,RPL4
ENSG00000163902,RPN1
ENSG00000141564,RPTOR
ENSG00000167325,RRM1
ENSG00000187257,RSBN1L
ENSG00000146374,RSPO3
ENSG00000176225,RTTN
ENSG00000175792,RUVBL1
ENSG00000013392,RWDD2A
ENSG00000122481,RWDD3
ENSG00000163785,RYK
ENSG00000151835,SACS
ENSG00000165821,SALL2
ENSG00000075856,SART3
ENSG00000133812,SBF2
ENSG00000213079,SCAF8
ENSG00000173611,SCAI
ENSG00000140386,SCAPER
ENSG00000099194,SCD
ENSG00000136155,SCEL
ENSG00000184178,SCFD2
ENSG00000104112,SCG3
ENSG00000047634,SCML1
ENSG00000153130,SCOC
ENSG00000196636,SDHAF3
ENSG00000146555,SDK1
ENSG00000100934,SEC23A
ENSG00000138802,SEC24B
ENSG00000091490,SEL1L3
ENSG00000170381,SEMA3E
ENSG00000185033,SEMA4B
ENSG00000120742,SERP1
ENSG00000152217,SETBP1
ENSG00000181555,SETD2
ENSG00000168137,SETD5
ENSG00000143368,SF3B4
ENSG00000164466,SFXN1
ENSG00000197555,SIPA1L1
ENSG00000182628,SKA2
ENSG00000005020,SKAP2
ENSG00000155926,SLA
ENSG00000064651,SLC12A2
ENSG00000155380,SLC16A1
ENSG00000105281,SLC1A5
ENSG00000171612,SLC25A33
ENSG00000077713,SLC25A43
ENSG00000164209,SLC25A46
ENSG00000112759,SLC29A1
ENSG00000181856,SLC2A4
ENSG00000145740,SLC30A5
ENSG00000176087,SLC35A4
ENSG00000157800,SLC37A3
ENSG00000134294,SLC38A2
ENSG00000139209,SLC38A4
ENSG00000104635,SLC39A14
ENSG00000147804,SLC39A4
ENSG00000141424,SLC39A6
ENSG00000144290,SLC4A10
ENSG00000119906,SLF2
ENSG00000172716,SLFN11
ENSG00000163681,SLMAP
ENSG00000170365,SMAD1
ENSG00000080503,SMARCA2
ENSG00000127616,SMARCA4
ENSG00000163104,SMARCAD1
ENSG00000275837,SMARCB1
ENSG00000072501,SMC1A
ENSG00000163029,SMC6
ENSG00000105771,SMG9
ENSG00000205670,SMIM11A
ENSG00000188725,SMIM15
ENSG00000176209,SMIM19
ENSG00000167088,SNRPD1
ENSG00000143977,SNRPG
ENSG00000071189,SNX13
ENSG00000143376,SNX27
ENSG00000089006,SNX5
ENSG00000162627,SNX7
ENSG00000130340,SNX9
ENSG00000112096,SOD2
ENSG00000115904,SOS1
ENSG00000100485,SOS2
ENSG00000185591,SP1
ENSG00000144451,SPAG16
ENSG00000170469,SPATA24
ENSG00000123352,SPATS2
ENSG00000196141,SPATS2L
ENSG00000065526,SPEN
ENSG00000104133,SPG11
ENSG00000133710,SPINK5
ENSG00000198369,SPRED2
ENSG00000115306,SPTBN1
ENSG00000266028,SRGAP2
ENSG00000100104,SRRD
ENSG00000138434,SSFA2
ENSG00000114850,SSR3
ENSG00000126091,ST3GAL3
ENSG00000117069,ST6GALNAC5
ENSG00000007341,ST7L
ENSG00000133121,STARD13
ENSG00000166888,STAT6
ENSG00000124214,STAU1
ENSG00000081320,STK17B
ENSG00000104375,STK3
ENSG00000198648,STK39
ENSG00000101109,STK4
ENSG00000134910,STT3A
ENSG00000137573,SULF1
ENSG00000106868,SUSD1
ENSG00000159164,SV2A
ENSG00000164674,SYTL3
ENSG00000277104,TADA2A
ENSG00000270647,TAF15
ENSG00000113407,TARS
ENSG00000169777,TAS2R1
ENSG00000132405,TBC1D14
ENSG00000109680,TBC1D19
ENSG00000054611,TBC1D22A
ENSG00000116957,TBCE
ENSG00000059377,TBXAS1
ENSG00000113649,TCERG1
ENSG00000140262,TCF12
ENSG00000071564,TCF3
ENSG00000148737,TCF7L2
ENSG00000213123,TCTEX1D2
ENSG00000139372,TDG
ENSG00000187079,TEAD1
ENSG00000145934,TENM2
ENSG00000136478,TEX2
ENSG00000090447,TFAP4
ENSG00000029639,TFB1M
ENSG00000160181,TFF2
ENSG00000114354,TFG
ENSG00000003436,TFPI
ENSG00000159445,THEM4
ENSG00000187720,THSD4
ENSG00000144229,THSD7B
ENSG00000134077,THUMPD3
ENSG00000140534,TICRR
ENSG00000145365,TIFA
ENSG00000180346,TIGD2
ENSG00000177370,TIMM22
ENSG00000140332,TLE3
ENSG00000057704,TMCC3
ENSG00000166292,TMEM100
ENSG00000188735,TMEM120B
ENSG00000149483,TMEM138
ENSG00000157600,TMEM164
ENSG00000134851,TMEM165
ENSG00000146433,TMEM181
ENSG00000187049,TMEM216
ENSG00000181458,TMEM45A
ENSG00000153214,TMEM87B
ENSG00000006042,TMEM98
ENSG00000136205,TNS3
ENSG00000196860,TOMM20L
ENSG00000077097,TOP2B
ENSG00000143337,TOR1AIP1
ENSG00000067369,TP53BP1
ENSG00000133112,TPT1
ENSG00000164548,TRA2A
ENSG00000204104,TRAF3IP1
ENSG00000065308,TRAM2
ENSG00000126602,TRAP1
ENSG00000221926,TRIM16
ENSG00000108395,TRIM37
ENSG00000146833,TRIM4
ENSG00000038382,TRIO
ENSG00000153827,TRIP12
ENSG00000174173,TRMT10C
ENSG00000066651,TRMT11
ENSG00000121486,TRMT1L
ENSG00000171103,TRMT61B
ENSG00000069018,TRPC7
ENSG00000274965,TRPM1
ENSG00000103852,TTC23
ENSG00000125482,TTF1
ENSG00000129696,TTI2
ENSG00000100271,TTLL1
ENSG00000101162,TUBB1
ENSG00000108423,TUBD1
ENSG00000126216,TUBGCP3
ENSG00000104723,TUSC3
ENSG00000113621,TXNDC15
ENSG00000129235,TXNDC17
ENSG00000198874,TYW1
ENSG00000126261,UBA2
ENSG00000081307,UBA5
ENSG00000213886,UBD
ENSG00000131508,UBE2D2
ENSG00000170035,UBE2E3
ENSG00000132388,UBE2G1
ENSG00000184787,UBE2G2
ENSG00000153560,UBP1
ENSG00000108312,UBTF
ENSG00000118939,UCHL3
ENSG00000116750,UCHL5
ENSG00000111647,UHRF1BP1L
ENSG00000114491,UMPS
ENSG00000173660,UQCRH
ENSG00000135763,URB2
ENSG00000103194,USP10
ENSG00000162402,USP24
ENSG00000140455,USP3
ENSG00000114316,USP4
ENSG00000090686,USP48
ENSG00000114374,USP9Y
ENSG00000171794,UTF1
ENSG00000183520,UTP11L
ENSG00000253797,UTP14C
ENSG00000173218,VANGL1
ENSG00000160293,VAV2
ENSG00000026025,VIM
ENSG00000062716,VMP1
ENSG00000145041,VPRBP
ENSG00000006715,VPS41
ENSG00000075399,VPS9D1
ENSG00000112290,WASF1
ENSG00000158195,WASF2
ENSG00000134987,WDR36
ENSG00000206284,WDR46
ENSG00000005448,WDR54
ENSG00000196981,WDR5B
ENSG00000166483,WEE1
ENSG00000196632,WNK3
ENSG00000165392,WRN
ENSG00000113645,WWC1
ENSG00000151718,WWC2
ENSG00000186153,WWOX
ENSG00000108039,XPNPEP1
ENSG00000082898,XPO1
ENSG00000169180,XPO6
ENSG00000173950,XXYLT1
ENSG00000015153,YAF2
ENSG00000134684,YARS
ENSG00000065978,YBX1
ENSG00000106636,YKT6
ENSG00000047188,YTHDC2
ENSG00000170027,YWHAG
ENSG00000205189,ZBTB10
ENSG00000177485,ZBTB33
ENSG00000174282,ZBTB4
ENSG00000163812,ZDHHC3
ENSG00000179059,ZFP42
ENSG00000020256,ZFP64
ENSG00000157077,ZFYVE9
ENSG00000178764,ZHX2
ENSG00000146463,ZMYM4
ENSG00000131849,ZNF132
ENSG00000163848,ZNF148
ENSG00000010244,ZNF207
ENSG00000131115,ZNF227
ENSG00000159917,ZNF235
ENSG00000198839,ZNF277
ENSG00000137871,ZNF280D
ENSG00000225351,ZNF311
ENSG00000165244,ZNF367
ENSG00000197024,ZNF398
ENSG00000148143,ZNF462
ENSG00000081665,ZNF506
ENSG00000168916,ZNF608
ENSG00000180357,ZNF609
ENSG00000204611,ZNF616
ENSG00000177842,ZNF620
ENSG00000197472,ZNF695
ENSG00000196391,ZNF774
ENSG00000179922,ZNF784
ENSG00000048405,ZNF800
ENSG00000197779,ZNF81
ENSG00000106400,ZNHIT1
ENSG00000183579,ZNRF3
ENSG00000036549,ZZZ3
ENSG00000157985,AGAP1
ENSG00000146376,ARHGAP18
ENSG00000158169,FANCC
ENSG00000171723,GPHN
ENSG00000158402,CDC25C
ENSG00000125257,ABCC4
ENSG00000275176,ACACA
ENSG00000114331,ACAP2
ENSG00000151726,ACSL1
ENSG00000072110,ACTN1
ENSG00000169129,AFAP1L2
ENSG00000162688,AGL
ENSG00000112297,AIM1
ENSG00000162433,AK4
ENSG00000117020,AKT3
ENSG00000139211,AMIGO2
ENSG00000164162,ANAPC10
ENSG00000110200,ANAPC15
ENSG00000230453,ANKRD18B
ENSG00000105186,ANKRD27
ENSG00000163516,ANKZF1
ENSG00000185009,AP3M1
ENSG00000100852,ARHGAP5
ENSG00000177917,ARL6IP6
ENSG00000176208,ATAD5
ENSG00000119787,ATL2
ENSG00000282827,ATRIP
ENSG00000127423,AUNIP
ENSG00000178999,AURKB
ENSG00000158321,AUTS2
ENSG00000009954,BAZ1B
ENSG00000083123,BCKDHB
ENSG00000173068,BNC2
ENSG00000136122,BORA
ENSG00000156970,BUB1B
ENSG00000136261,BZW2
ENSG00000107815,C10orf2
ENSG00000120029,C10orf76
ENSG00000047621,C12orf4
ENSG00000188493,C19orf54
ENSG00000116667,C1orf21
ENSG00000088854,C20orf194
ENSG00000111731,C2CD5
ENSG00000197603,C5orf42
ENSG00000156172,C8orf37
ENSG00000152495,CAMK4
ENSG00000105971,CAV2
ENSG00000094916,CBX5
ENSG00000005059,CCDC109B
ENSG00000186409,CCDC30
ENSG00000123106,CCDC91
ENSG00000112237,CCNC
ENSG00000163660,CCNL1
ENSG00000156535,CD109
ENSG00000164045,CDC25A
ENSG00000101224,CDC25B
ENSG00000143776,CDC42BPA
ENSG00000093009,CDC45
ENSG00000146670,CDCA5
ENSG00000164649,CDCA7L
ENSG00000140945,CDH13
ENSG00000115816,CEBPZ
ENSG00000115163,CENPA
ENSG00000151849,CENPJ
ENSG00000138092,CENPO
ENSG00000151725,CENPU
ENSG00000203760,CENPW
ENSG00000103995,CEP152
ENSG00000101639,CEP192
ENSG00000164118,CEP44
ENSG00000114107,CEP70
ENSG00000080802,CNOT4
ENSG00000018236,CNTN1
ENSG00000114744,COMMD2
ENSG00000021826,CPS1
ENSG00000150938,CRIM1
ENSG00000119326,CTNNAL1
ENSG00000047230,CTPS2
ENSG00000108094,CUL2
ENSG00000095485,CWF19L1
ENSG00000117593,DARS2
ENSG00000118655,DCLRE1B
ENSG00000178105,DDX10
ENSG00000013573,DDX11
ENSG00000137628,DDX60
ENSG00000124795,DEK
ENSG00000228716,DHFR
ENSG00000139734,DIAPH3
ENSG00000066084,DIP2B
ENSG00000126787,DLGAP5
ENSG00000138346,DNA2
ENSG00000165506,DNAAF2
ENSG00000130816,DNMT1
ENSG00000117543,DPH5
ENSG00000092964,DPYSL2
ENSG00000136982,DSCC1
ENSG00000149636,DSN1
ENSG00000096696,DSP
ENSG00000125821,DTD1
ENSG00000163840,DTX3L
ENSG00000102189,EEA1
ENSG00000140025,EFCAB11
ENSG00000184349,EFNA5
ENSG00000132294,EFR3A
ENSG00000170522,ELOVL6
ENSG00000213853,EMP2
ENSG00000132199,ENOSF1
ENSG00000079819,EPB41L2
ENSG00000129595,EPB41L4A
ENSG00000145242,EPHA5
ENSG00000186871,ERCC6L
ENSG00000087502,ERGIC2
ENSG00000107566,ERLIN1
ENSG00000171320,ESCO2
ENSG00000174371,EXO1
ENSG00000112685,EXOC2
ENSG00000131558,EXOC4
ENSG00000075914,EXOSC7
ENSG00000182197,EXT1
ENSG00000158234,FAIM
ENSG00000122591,FAM126A
ENSG00000135842,FAM129A
ENSG00000035141,FAM136A
ENSG00000170264,FAM161A
ENSG00000128923,FAM63B
ENSG00000182118,FAM89A
ENSG00000188343,FAM92A1
ENSG00000276787,FAN1
ENSG00000140525,FANCI
ENSG00000197601,FAR1
ENSG00000006607,FARP2
ENSG00000182263,FIGN
ENSG00000140718,FTO
ENSG00000162613,FUBP1
ENSG00000104064,GABPB1
ENSG00000143458,GABPB2
ENSG00000143641,GALNT2
ENSG00000146729,GBAS
ENSG00000082516,GEMIN5
ENSG00000168827,GFM1
ENSG00000152904,GGPS1
ENSG00000131153,GINS2
ENSG00000112312,GMNN
ENSG00000156052,GNAQ
ENSG00000172380,GNG12
ENSG00000115806,GORASP2
ENSG00000183098,GPC6
ENSG00000105220,GPI
ENSG00000188092,GPR89B
ENSG00000164294,GPX8
ENSG00000082701,GSK3B
ENSG00000103342,GSPT1
ENSG00000163607,GTPBP8
ENSG00000172986,GXYLT2
ENSG00000119969,HELLS
ENSG00000064393,HIPK2
ENSG00000124610,HIST1H1A
ENSG00000184357,HIST1H1B
ENSG00000124575,HIST1H1D
ENSG00000276903,HIST1H2AL
ENSG00000278588,HIST1H2BI
ENSG00000274267,HIST1H3B
ENSG00000278272,HIST1H3C
ENSG00000277775,HIST1H3F
ENSG00000273983,HIST1H3G
ENSG00000275379,HIST1H3I
ENSG00000278705,HIST1H4B
ENSG00000274618,HIST1H4F
ENSG00000276180,HIST1H4I
ENSG00000275126,HIST1H4L
ENSG00000184270,HIST2H2AB
ENSG00000105323,HNRNPUL1
ENSG00000198189,HSD17B11
ENSG00000025156,HSF2
ENSG00000178035,IMPDH2
ENSG00000148153,INIP
ENSG00000143493,INTS7
ENSG00000086200,IPO11
ENSG00000143319,ISG20L2
ENSG00000142856,ITGB3BP
ENSG00000107104,KANK1
ENSG00000176407,KCMF1
ENSG00000185760,KCNQ5
ENSG00000150477,KIAA1328
ENSG00000121621,KIF18A
ENSG00000138182,KIF20B
ENSG00000186638,KIF24
ENSG00000142945,KIF2C
ENSG00000237649,KIFC1
ENSG00000118922,KLF12
ENSG00000184445,KNTC1
ENSG00000115365,LANCL1
ENSG00000143815,LBR
ENSG00000113368,LMNB1
ENSG00000176619,LMNB2
ENSG00000136141,LRCH1
ENSG00000139263,LRIG3
ENSG00000197147,LRRC8B
ENSG00000049323,LTBP1
ENSG00000198862,LTN1
ENSG00000214113,LYRM4
ENSG00000198042,MAK16
ENSG00000047849,MAP4
ENSG00000107643,MAPK8
ENSG00000143797,MBOAT2
ENSG00000065833,ME1
ENSG00000169519,METTL15
ENSG00000127804,METTL16
ENSG00000133816,MICAL2
ENSG00000101871,MID1
ENSG00000148773,MKI67
ENSG00000146263,MMS22L
ENSG00000197965,MPZL1
ENSG00000242485,MRPL20
ENSG00000198015,MRPL42
ENSG00000181610,MRPS23
ENSG00000125144,MT1G
ENSG00000188786,MTF1
ENSG00000129422,MTUS1
ENSG00000111912,NCOA7
ENSG00000137601,NEK1
ENSG00000162614,NEXN
ENSG00000147862,NFIB
ENSG00000100503,NIN
ENSG00000143156,NME7
ENSG00000123609,NMI
ENSG00000198000,NOL8
ENSG00000170485,NPAS2
ENSG00000184162,NR2C2AP
ENSG00000021645,NRXN3
ENSG00000156831,NSMCE2
ENSG00000148335,NTMT1
ENSG00000013374,NUB1
ENSG00000069275,NUCKS1
ENSG00000170584,NUDCD2
ENSG00000163002,NUP35
ENSG00000085840,ORC1
ENSG00000135336,ORC3
ENSG00000091651,ORC6
ENSG00000117859,OSBPL9
ENSG00000122884,P4HA1
ENSG00000111845,PAK1IP1
ENSG00000129116,PALLD
ENSG00000148498,PARD3
ENSG00000129484,PARP2
ENSG00000168078,PBK
ENSG00000132570,PCBD2
ENSG00000126249,PDCD2L
ENSG00000162493,PDPN
ENSG00000164494,PDSS2
ENSG00000133401,PDZD2
ENSG00000242265,PEG10
ENSG00000131779,PEX11B
ENSG00000034693,PEX3
ENSG00000101132,PFDN4
ENSG00000215021,PHB2
ENSG00000106443,PHF14
ENSG00000146247,PHIP
ENSG00000101464,PIGU
ENSG00000139144,PIK3C2G
ENSG00000065243,PKN2
ENSG00000143442,POGZ
ENSG00000101868,POLA1
ENSG00000100479,POLE2
ENSG00000137054,POLR1E
ENSG00000113356,POLR3G
ENSG00000138814,PPP3CA
ENSG00000148840,PPRC1
ENSG00000102103,PQBP1
ENSG00000146143,PRIM2
ENSG00000164306,PRIMPOL
ENSG00000134222,PSRC1
ENSG00000184007,PTP4A2
ENSG00000175354,PTPN2
ENSG00000177707,PVRL3
ENSG00000163348,PYGO2
ENSG00000084733,RAB10
ENSG00000069974,RAB27A
ENSG00000161800,RACGAP1
ENSG00000179262,RAD23A
ENSG00000085999,RAD54L
ENSG00000109756,RAPGEF2
ENSG00000173166,RAPH1
ENSG00000145715,RASA1
ENSG00000075391,RASAL2
ENSG00000168214,RBPJ
ENSG00000080298,RFX3
ENSG00000008853,RHOBTB2
ENSG00000178966,RMI1
ENSG00000169855,ROBO1
ENSG00000117748,RPA2
ENSG00000197498,RPF2
ENSG00000148688,RPP30
ENSG00000124782,RREB1
ENSG00000174891,RSRC1
ENSG00000115310,RTN4
ENSG00000130347,RTN4IP1
ENSG00000186350,RXRA
ENSG00000107290,SETX
ENSG00000189091,SF3B3
ENSG00000104205,SGK3
ENSG00000144736,SHQ1
ENSG00000187164,SHTN1
ENSG00000168575,SLC20A2
ENSG00000115840,SLC25A12
ENSG00000164933,SLC25A32
ENSG00000152683,SLC30A6
ENSG00000072041,SLC6A15
ENSG00000131389,SLC6A6
ENSG00000139514,SLC7A1
ENSG00000103257,SLC7A5
ENSG00000149346,SLX4IP
ENSG00000102038,SMARCA1
ENSG00000136699,SMPD4
ENSG00000145335,SNCA
ENSG00000008294,SPAG9
ENSG00000145375,SPATA5
ENSG00000040275,SPDL1
ENSG00000104549,SQLE
ENSG00000145545,SRD5A1
ENSG00000106028,SSBP1
ENSG00000141298,SSH2
ENSG00000124783,SSR1
ENSG00000173465,SSSCA1
ENSG00000184005,ST6GALNAC3
ENSG00000117632,STMN1
ENSG00000135090,TAOK3
ENSG00000185418,TARSL2
ENSG00000089123,TASP1
ENSG00000196628,TCF4
ENSG00000152284,TCF7L1
ENSG00000147601,TERF1
ENSG00000115970,THADA
ENSG00000079134,THOC1
ENSG00000111602,TIMELESS
ENSG00000134809,TIMM10
ENSG00000134375,TIMM17A
ENSG00000100575,TIMM9
ENSG00000075131,TIPIN
ENSG00000196781,TLE1
ENSG00000152558,TMEM123
ENSG00000106609,TMEM248
ENSG00000064419,TNPO3
ENSG00000141198,TOM1L1
ENSG00000076554,TPD52
ENSG00000071539,TRIP13
ENSG00000188917,TRMT2B
ENSG00000154743,TSEN2
ENSG00000182670,TTC3
ENSG00000119685,TTLL5
ENSG00000167553,TUBA1C
ENSG00000229684,TUBB
ENSG00000153066,TXNDC11
ENSG00000163714,U2SURP
ENSG00000117143,UAP1
ENSG00000077152,UBE2T
ENSG00000130939,UBE4B
ENSG00000276043,UHRF1
ENSG00000168038,ULK4
ENSG00000124486,USP9X
ENSG00000011260,UTP18
ENSG00000120800,UTP20
ENSG00000134215,VAV3
ENSG00000197969,VPS13A
ENSG00000132549,VPS13B
ENSG00000136100,VPS36
ENSG00000138614,VWA9
ENSG00000198554,WDHD1
ENSG00000157796,WDR19
ENSG00000118965,WDR35
ENSG00000243667,WDR92
ENSG00000124571,XPO5
ENSG00000184575,XPOT
ENSG00000152422,XRCC4
ENSG00000127337,YEATS4
ENSG00000100722,ZC3H14
ENSG00000214941,ZSWIM7
ENSG00000174442,ZWILCH
ENSG00000075223,SEMA3C
ENSG00000091436,AC013461.1
ENSG00000230124,ACBD6
ENSG00000011426,ANLN
ENSG00000163697,APBB2
ENSG00000087586,AURKA
ENSG00000136492,BRIP1
ENSG00000134057,CCNB1
ENSG00000097046,CDC7
ENSG00000144354,CDCA7
ENSG00000145996,CDKAL1
ENSG00000173207,CKS1B
ENSG00000129173,E2F8
ENSG00000185104,FAF1
ENSG00000114861,FOXP1
ENSG00000121957,GPSM2
ENSG00000123485,HJURP
ENSG00000072571,HMMR
ENSG00000073792,IGF2BP2
ENSG00000100578,KIAA0586
ENSG00000003096,KLHL13
ENSG00000165304,MELK
ENSG00000095002,MSH2
ENSG00000185697,MYBL1
ENSG00000172260,NEGR1
ENSG00000186575,NF2
ENSG00000109255,NMU
ENSG00000111581,NUP107
ENSG00000166851,PLK1
ENSG00000142731,PLK4
ENSG00000253729,PRKDC
ENSG00000068489,PRR11
ENSG00000135069,PSAT1
ENSG00000173482,PTPRM
ENSG00000080839,RBL1
ENSG00000171848,RRM2
ENSG00000067533,RRP15
ENSG00000182010,RTKN2
ENSG00000010803,SCMH1
ENSG00000151012,SLC7A11
ENSG00000177565,TBL1XR1
ENSG00000105948,TTC26
ENSG00000188229,TUBB4B
ENSG00000152818,UTRN
ENSG00000100749,VRK1
ENSG00000060237,WNK1
ENSG00000145349,CAMK2D
ENSG00000120254,MTHFD1L
ENSG00000169398,PTK2
ENSG00000133119,RFC3
ENSG00000004864,SLC25A13
ENSG00000115464,USP34
ENSG00000164338,UTP15
ENSG00000170312,CDK1
ENSG00000010292,NCAPD2
ENSG00000112081,SRSF3
